Date&Time,Name,Final Scores,Set1,Set2,Set3,Set4,Set5,Aces,Double Faults,1st Serve Percentage,1st Serve Points Won,2nd Serve Points Won,Break Points Saved,1st Return Points Won,2nd Return Points Won,Break Points Converted,Winners,Unforced Errors,Net Points Won,Max Points In Row,Service Points Won,Return Points Won,Total Points Won,Max Games In Row,Service Games Won,Return Games Won,Total Games Won,PBP(Set1),PBP(Set2),PBP(Set3),PBP(Set4),PBP(Set5),odds
26.08.,Villanueva G.,2,,,,,,"['3', '2', '6', '5']","['1', '0', '6', '3']",[],[],[],1.01
26.08.,Grandinetti T.,0,,,,,,"['4', '4']",[],[],[],[],11.00
11.08.,Pucinelli de Almeida M.,2,,,,,,2,2,64%,86% (25/29),56% (9/16),100% (2/2),31% (10/32),79% (15/19),80% (4/5),15,10,83% (5/6),76% (34/45),49% (25/51),61% (59/96),9,0,100% (8/8),50% (4/8),75% (12/16),"['3', '1', '6', '2']","['4', '2', '6', '2']",[],[],[],1.58
11.08.,Villanueva G.,0,,,,,,4,3,63%,69% (22/32),21% (4/19),20% (1/5),14% (4/29),44% (7/16),0% (0/2),14,30,56% (5/9),51% (26/51),24% (11/45),39% (37/96),1,1,50% (4/8),0% (0/8),25% (4/16),[],[],[],[],[],19.5
05.08.,Moller E.,2,,,,,,6,4,56%,77% (27/35),61% (17/28),50% (1/2),23% (8/35),57% (13/23),60% (3/5),27,29,57% (4/7),70% (44/63),36% (21/58),54% (65/121),5,0,90% (9/10),30% (3/10),60% (12/20),"['5', '5']","['1', '0', '3', '0']",[],[],[],1.12
05.08.,Villanueva G.,0,,,,,,4,1,60%,77% (27/35),43% (10/23),40% (2/5),23% (8/35),39% (11/28),50% (1/2),14,22,75% (3/4),64% (37/58),30% (19/63),46% (56/121),5,1,70% (7/10),10% (1/10),40% (8/20),"['5', '4']",[],[],[],[],5.50
04.08.,Villanueva G.,2,,,,,,6,0,57%,81% (26/32),67% (16/24),67% (2/3),44% (16/36),45% (15/33),60% (3/5),27,18,75% (3/4),75% (42/56),45% (31/69),58% (73/125),9,0,90% (9/10),30% (3/10),60% (12/20),"['3', '1']","['3', '2', '5', '2']",[],[],[],1.70
04.08.,Fomin S.,0,,,,,,4,3,52%,56% (20/36),55% (18/33),40% (2/5),19% (6/32),33% (8/24),33% (1/3),17,29,33% (1/3),55% (38/69),25% (14/56),42% (52/125),1,0,70% (7/10),10% (1/10),40% (8/20),"['2', '3']",[],[],[],[],2.08
03.08.,Villanueva G.,2,,,,,,1,0,51%,76% (25/33),69% (22/32),100% (2/2),31% (12/39),57% (16/28),29% (2/7),11,13,100% (3/3),72% (47/65),42% (28/67),57% (75/132),6,0,100% (10/10),22% (2/9),63% (12/19),[],"['2', '0', '5', '1']",[],[],[],1.42
03.08.,Schoenhaus M.,0,,,,,,3,6,58%,69% (27/39),43% (12/28),71% (5/7),24% (8/33),31% (10/32),0% (0/2),24,47,100% (5/5),58% (39/67),28% (18/65),43% (57/132),4,1,78% (7/9),0% (0/10),37% (7/19),[],[],[],[],[],2.73
29.07.,Den Ouden G.,2,,,,,,6,5,56%,68% (23/34),59% (16/27),50% (2/4),57% (17/30),50% (10/20),71% (5/7),30,28,62% (38/61),54% (27/50),59% (65/111),9,0,78% (7/9),63% (5/8),71% (12/17),"['2', '0', '4', '2', '6', '2']","['3', '3', '5', '3']",[],[],[],1.17
29.07.,Villanueva G.,0,,,,,,1,0,60%,43% (13/30),50% (10/20),29% (2/7),35% (12/34),41% (11/27),50% (2/4),8,26,46% (23/50),38% (23/61),41% (46/111),1,0,38% (3/8),22% (2/9),29% (5/17),"['1', '2']","['1', '0']",[],[],[],4.61
28.07.,Villanueva G.,2,,,,,,2,0,62%,73% (36/49),47% (14/30),50% (2/4),29% (14/49),62% (18/29),50% (4/8),28,30,75% (12/16),63% (50/79),41% (32/78),52% (82/157),8,0,85% (11/13),31% (4/13),58% (15/26),"['1', '0', '6', '3']",[],"['2', '1', '5', '2']",[],[],1.55
28.07.,Juarez F.,1,,,,,,2,3,63%,71% (35/49),38% (11/29),50% (4/8),27% (13/49),53% (16/30),50% (2/4),28,36,86% (6/7),59% (46/78),37% (29/79),48% (75/157),2,0,69% (9/13),15% (2/13),42% (11/26),[],"['3', '2', '6', '3']",[],[],[],2.36
27.07.,Villanueva G.,2,,,,,,8,1,58%,66% (40/61),50% (22/44),76% (13/17),40% (27/68),74% (25/34),50% (7/14),31,35,83% (5/6),59% (62/105),51% (52/102),55% (114/207),6,0,71% (10/14),47% (7/15),59% (17/29),"['1', '0', '4', '5']","['1', '0', '4', '1']","['1', '2', '3', '2', '6', '3']",[],[],1.10
27.07.,Van Sambeek F.,1,,,,,,2,7,67%,60% (41/68),26% (9/34),50% (7/14),34% (21/61),50% (22/44),24% (4/17),40,63,74% (14/19),49% (50/102),41% (43/105),45% (93/207),4,4,53% (8/15),29% (4/14),41% (12/29),"['1', '1', '3', '1', '7', '5']",[],"['2', '0']",[],[],5.95
20.07.,Brunclik P.,2,,,,,,8,5,62%,80% (39/49),53% (16/30),100% (3/3),29% (20/68),50% (14/28),10% (1/10),100% (5/0),70% (55/79),35% (34/96),51% (89/175),6,0,100% (12/12),8% (1/12),54% (13/24),[],"['7', '5']",[],[],[],1.65
20.07.,Villanueva G.,0,,,,,,3,0,71%,71% (48/68),50% (14/28),90% (9/10),20% (10/49),47% (14/30),0% (0/3),0% (0/0),65% (62/96),30% (24/79),49% (86/175),4,4,92% (11/12),0% (0/12),46% (11/24),[],[],[],[],[],2.16
15.07.,Prihodko O.,2,,,,,,8,3,59%,79% (37/47),58% (19/33),75% (3/4),31% (19/61),46% (13/28),33% (2/6),43,54,61% (11/18),70% (56/80),36% (32/89),52% (88/169),7,0,93% (13/14),14% (2/14),54% (15/28),"['4', '2']",[],"['6', '4']",[],[],1.58
15.07.,Villanueva G.,1,,,,,,0,1,69%,69% (42/61),54% (15/28),67% (4/6),21% (10/47),42% (14/33),25% (1/4),15,20,50% (3/6),64% (57/89),30% (24/80),48% (81/169),3,0,86% (12/14),7% (1/14),46% (13/28),[],"['4', '2']",[],[],[],2.29
14.07.,Villanueva G.,2,,,,,,2,1,60%,78% (29/37),60% (15/25),0% (0/2),39% (23/59),60% (9/15),43% (3/7),21,28,77% (10/13),71% (44/62),43% (32/74),56% (76/136),8,0,82% (9/11),27% (3/11),55% (12/22),"['2', '0', '6', '4']","['2', '0']",[],[],[],2.18
14.07.,Olivieri G. A.,0,,,,,,2,1,80%,61% (36/59),40% (6/15),57% (4/7),22% (8/37),40% (10/25),100% (2/2),14,36,56% (5/9),57% (42/74),29% (18/62),44% (60/136),2,0,73% (8/11),18% (2/11),45% (10/22),"['3', '4']","['2', '3']",[],[],[],1.64
13.07.,Carboni L.,1,,,,,,1,6,68%,62% (39/63),33% (10/30),69% (11/16),35% (12/34),39% (9/23),100% (3/3),33,43,88% (15/17),53% (49/93),37% (21/57),47% (70/150),2,0,55% (6/11),30% (3/10),43% (9/21),"['3', '1']","['1', '0']","['1', '0']",[],[],1.73
13.07.,Villanueva G.,1,,,,,,0,1,60%,65% (22/34),61% (14/23),0% (0/3),38% (24/63),67% (20/30),31% (5/16),14,20,71% (5/7),63% (36/57),47% (44/93),53% (80/150),8,0,70% (7/10),45% (5/11),57% (12/21),[],"['2', '2', '4', '2', '6', '2']","['1', '1', '3', '1']",[],[],2.02
25.06.,Pucinelli de Almeida M.,2,,,,,,2,2,75%,62% (26/42),64% (9/14),33% (1/3),51% (18/35),62% (13/21),50% (5/10),63% (35/56),55% (31/56),59% (66/112),7,0,78% (7/9),63% (5/8),71% (12/17),"['3', '1', '5', '1']","['1', '0', '4', '3', '5', '4']",[],[],[],1.34
25.06.,Villanueva G.,0,,,,,,0,1,63%,49% (17/35),38% (8/21),50% (5/10),38% (16/42),36% (5/14),67% (2/3),45% (25/56),38% (21/56),41% (46/112),3,1,38% (3/8),22% (2/9),29% (5/17),[],"['2', '2', '4', '4']",[],[],[],3.08
24.06.,Villanueva G.,2,,,,,,2,1,67%,63% (24/38),63% (12/19),88% (7/8),57% (16/28),86% (12/14),60% (6/10),63% (36/57),67% (28/42),65% (64/99),7,0,86% (6/7),86% (6/7),86% (12/14),"['2', '0', '4', '0', '5', '1']","['1', '0', '3', '0', '6', '1']",[],[],[],1.35
24.06.,Hernandez A.,0,,,,,,0,0,67%,43% (12/28),14% (2/14),40% (4/10),37% (14/38),37% (7/19),13% (1/8),33% (14/42),37% (21/57),35% (35/99),3,2,14% (1/7),14% (1/7),14% (2/14),"['1', '4']",[],[],[],[],3.04
20.06.,Roncadelli F.,2,,,,,,2,2,77%,63% (50/79),50% (12/24),75% (9/12),38% (24/64),61% (19/31),75% (6/8),60% (62/103),45% (43/95),53% (105/198),8,0,80% (12/15),40% (6/15),60% (18/30),"['2', '2', '3', '3']","['3', '2', '5', '2']","['3', '2', '5', '4']",[],[],2.14
20.06.,Villanueva G.,1,,,,,,2,2,67%,63% (40/64),39% (12/31),25% (2/8),37% (29/79),50% (12/24),25% (3/12),55% (52/95),40% (41/103),47% (93/198),2,0,60% (9/15),20% (3/15),40% (12/30),"['2', '1', '3', '2']",[],"['4', '4']",[],[],1.66
19.06.,Villanueva G.,2,,,,,,0,4,76%,70% (51/73),39% (9/23),57% (4/7),30% (16/54),56% (22/39),21% (3/14),63% (60/96),41% (39/95),52% (99/191),8,0,79% (11/14),23% (3/13),52% (14/27),[],"['4', '2']","['2', '3', '5', '4']",[],[],2.36
19.06.,Boscardin Dias P.,1,,,,,,4,4,58%,70% (38/54),44% (17/39),79% (11/14),30% (22/73),61% (14/23),43% (3/7),59% (56/95),38% (36/96),48% (92/191),2,0,77% (10/13),21% (3/14),48% (13/27),"['2', '1', '5', '2']",[],"['3', '1']",[],[],1.55
17.06.,Villanueva G.,2,,,,,,0,1,68%,66% (37/56),54% (14/26),50% (3/6),33% (19/57),44% (8/18),80% (4/5),62% (51/82),36% (27/75),50% (78/157),9,0,79% (11/14),27% (4/15),52% (15/29),[],"['3', '3', '6', '4']","['4', '4', '6', '4']",[],[],1.64
17.06.,Kestelboim M.,1,,,,,,0,4,76%,67% (38/57),56% (10/18),20% (1/5),34% (19/56),46% (12/26),50% (3/6),64% (48/75),38% (31/82),50% (79/157),1,1,73% (11/15),21% (3/14),48% (14/29),"['2', '0']","['1', '0']","['3', '2']",[],[],2.19
12.06.,Collarini A.,2,,,,,,3,4,70%,70% (31/44),42% (8/19),60% (3/5),48% (20/42),38% (9/24),40% (4/10),62% (39/63),44% (29/66),53% (68/129),5,0,80% (8/10),40% (4/10),60% (12/20),"['1', '0']","['1', '2', '3', '2', '5', '2']",[],[],[],1.29
12.06.,Villanueva G.,0,,,,,,0,1,64%,52% (22/42),63% (15/24),60% (6/10),30% (13/44),58% (11/19),40% (2/5),56% (37/66),38% (24/63),47% (61/129),5,2,60% (6/10),20% (2/10),40% (8/20),[],"['2', '0', '3', '5']",[],[],[],3.39
10.06.,Villanueva G.,2,,,,,,0,1,69%,64% (56/88),73% (29/40),82% (9/11),26% (18/69),52% (24/46),50% (4/8),66% (85/128),37% (42/115),52% (127/243),7,0,88% (14/16),24% (4/17),55% (18/33),"['3', '4']","['4', '4']","['3', '2', '6', '3']",[],[],1.67
10.06.,Gerch L.,1,,,,,,4,8,60%,74% (51/69),48% (22/46),50% (4/8),36% (32/88),28% (11/40),18% (2/11),63% (73/115),34% (43/128),48% (116/243),3,1,76% (13/17),13% (2/16),45% (15/33),"['3', '1']","['1', '0']",[],[],[],2.12
30.05.,Reis Da Silva J.,2,,,,,,"['2', '1']","['1', '0', '3', '0']",[],[],[],1.49
30.05.,Villanueva G.,0,,,,,,[],[],[],[],[],2.47
29.05.,Villanueva G.,2,,,,,,[],"['2', '0', '4', '0', '5', '1']","['1', '0', '3', '0']",[],[],2.77
29.05.,Midon L.,1,,,,,,"['2', '1']","['1', '4', '2', '5', '4', '5']","['1', '3']",[],[],1.40
28.05.,Villanueva G.,2,,,,,,"['3', '1']","['2', '1', '4', '1']",[],[],[],1.33
28.05.,Zeitune M.,0,,,,,,[],[],[],[],[],3.09
27.05.,Villanueva G.,2,,,,,,[],"['2', '0', '6', '2']","['3', '1', '4', '2']",[],[],1.30
27.05.,Nunez D. A.,1,,,,,,"['3', '1']",[],"['2', '3']",[],[],3.47
24.05.,Boscardin Dias P.,2,,,,,,"['2', '0', '4', '2', '5', '3']","['2', '1', '4', '1', '6', '1']",[],[],[],1.87
24.05.,Villanueva G.,0,,,,,,"['1', '2', '3', '4']",[],[],[],[],1.87
23.05.,Villanueva G.,2,,,,,,"['1', '2', '5', '4']","['5', '4']","['1', '0', '4', '3']",[],[],2.77
23.05.,Midon L.,1,,,,,,"['2', '0']","['5', '5', '7', '5']","['3', '3']",[],[],1.40
22.05.,Villanueva G.,2,,,,,,"['2', '0', '4', '2', '6', '2']","['2', '0', '4', '0', '5', '1', '6', '2']",[],[],[],1.80
22.05.,Roncadelli F.,0,,,,,,"['1', '2']","['1', '4', '2', '5']",[],[],[],1.90
21.05.,Villanueva G.,2,,,,,,"['2', '3', '4', '5']","['4', '2']",[],[],[],1.23
21.05.,Zeitune M.,0,,,,,,"['3', '1', '5', '3']","['3', '4']",[],[],[],3.81
20.05.,Villanueva G.,2,,,,,,"['1', '0', '3', '0', '5', '0']","['1', '0', '3', '0', '5', '0']",[],[],[],-
20.05.,Silva Sovero C. M.,0,,,,,,[],[],[],[],[],-
09.05.,Roncadelli F.,2,,,,,,0,0,68%,69% (25/36),53% (9/17),50% (2/4),38% (13/34),69% (18/26),71% (5/7),64% (34/53),52% (31/60),58% (65/113),7,0,78% (7/9),56% (5/9),67% (12/18),"['1', '0', '4', '1']","['1', '0', '3', '0', '5', '2']",[],[],[],2.01
09.05.,Villanueva G.,0,,,,,,1,5,57%,62% (21/34),31% (8/26),29% (2/7),31% (11/36),47% (8/17),50% (2/4),48% (29/60),36% (19/53),42% (48/113),3,0,44% (4/9),22% (2/9),33% (6/18),"['2', '4']","['1', '3']",[],[],[],1.73
07.05.,Villanueva G.,2,,,,,,0,2,66%,59% (32/54),54% (15/28),33% (2/6),40% (25/62),53% (20/38),38% (5/13),57% (47/82),45% (45/100),51% (92/182),7,0,69% (9/13),38% (5/13),54% (14/26),"['3', '1', '5', '1']","['1', '0']","['1', '1', '7', '5']",[],[],3.10
07.05.,Torres J. B.,1,,,,,,1,5,62%,60% (37/62),47% (18/38),62% (8/13),41% (22/54),46% (13/28),67% (4/6),55% (55/100),43% (35/82),49% (90/182),3,2,62% (8/13),31% (4/13),46% (12/26),[],"['1', '1', '3', '1', '5', '1']","['1', '0']",[],[],1.34
06.05.,Villanueva G.,2,,,,,,8,0,71%,71% (50/70),55% (16/29),70% (7/10),25% (12/48),49% (30/61),75% (3/4),67% (66/99),39% (42/109),52% (108/208),8,0,81% (13/16),18% (3/17),48% (16/33),[],"['7', '5']","['2', '2', '3', '3']",[],[],2.53
06.05.,Alves M.,1,,,,,,12,7,44%,75% (36/48),51% (31/61),25% (1/4),29% (20/70),45% (13/29),30% (3/10),61% (67/109),33% (33/99),48% (100/208),2,0,82% (14/17),19% (3/16),52% (17/33),"['3', '1']",[],"['1', '0', '3', '2']",[],[],1.48
28.04.,Justo G. I.,2,,,,,,0,4,64%,61% (30/49),44% (12/27),58% (7/12),43% (23/53),60% (21/35),67% (6/9),55% (42/76),50% (44/88),52% (86/164),7,0,58% (7/12),50% (6/12),54% (13/24),"['3', '3', '4', '4', '5', '5']","['1', '0', '3', '0', '6', '5']",[],[],[],1.82
28.04.,Villanueva G.,0,,,,,,1,6,60%,57% (30/53),40% (14/35),33% (3/9),39% (19/49),56% (15/27),42% (5/12),50% (44/88),45% (34/76),48% (78/164),3,0,50% (6/12),42% (5/12),46% (11/24),"['2', '1', '4', '3', '5', '4']","['1', '3', '3', '3']",[],[],[],1.90
22.04.,Bagnis F.,2,,,,,,10,2,70%,81% (30/37),31% (5/16),75% (3/4),49% (23/47),53% (8/15),36% (4/11),66% (35/53),50% (31/62),57% (66/115),8,0,89% (8/9),50% (4/8),71% (12/17),"['2', '0', '6', '4']","['3', '1', '5', '1']",[],[],[],1.59
22.04.,Villanueva G.,0,,,,,,0,0,76%,51% (24/47),47% (7/15),64% (7/11),19% (7/37),69% (11/16),25% (1/4),50% (31/62),34% (18/53),43% (49/115),2,0,50% (4/8),11% (1/9),29% (5/17),"['4', '5']",[],[],[],[],2.27
01.04.,Soto M.,2,,,,,,3,3,58%,74% (31/42),42% (13/31),40% (2/5),42% (15/36),52% (14/27),80% (4/5),60% (44/73),46% (29/63),54% (73/136),8,0,73% (8/11),40% (4/10),57% (12/21),"['1', '0', '4', '3']","['3', '3', '5', '3']",[],[],[],1.52
01.04.,Villanueva G.,0,,,,,,1,4,57%,58% (21/36),48% (13/27),20% (1/5),26% (11/42),58% (18/31),60% (3/5),54% (34/63),40% (29/73),46% (63/136),2,0,60% (6/10),27% (3/11),43% (9/21),"['2', '2', '5', '5']","['3', '2']",[],[],[],2.54
24.03.,Olivieri G. A.,2,,,,,,1,0,63%,65% (26/40),54% (13/24),75% (6/8),47% (18/38),61% (11/18),56% (5/9),61% (39/64),52% (29/56),57% (68/120),7,0,80% (8/10),56% (5/9),68% (13/19),"['4', '4', '7', '5']","['2', '0', '4', '0', '5', '1']",[],[],[],1.74
24.03.,Villanueva G.,0,,,,,,0,2,68%,53% (20/38),39% (7/18),44% (4/9),35% (14/40),46% (11/24),25% (2/8),48% (27/56),39% (25/64),43% (52/120),3,0,44% (4/9),20% (2/10),32% (6/19),"['2', '1']","['1', '4']",[],[],[],2.00
20.03.,Barrios Vera T.,2,,,,,,4,4,66%,62% (40/65),41% (14/34),33% (3/9),51% (52/102),56% (14/25),45% (9/20),55% (54/99),52% (66/127),53% (120/226),9,0,60% (9/15),56% (9/16),58% (18/31),"['1', '1', '3', '1', '6', '6']","['1', '0', '3', '2', '5', '2']","['1', '0', '4', '3', '6', '3']",[],[],1.28
20.03.,Villanueva G.,1,,,,,,0,0,80%,49% (50/102),44% (11/25),55% (11/20),38% (25/65),59% (20/34),67% (6/9),48% (61/127),45% (45/99),47% (106/226),1,1,44% (7/16),40% (6/15),42% (13/31),"['1', '0', '4', '5', '6', '5']","['1', '1', '3', '5']","['2', '2']",[],[],3.47
18.03.,Villanueva G.,2,,,,,,2,0,82%,78% (39/50),73% (8/11),100% (1/1),26% (11/42),70% (16/23),40% (2/5),77% (47/61),42% (27/65),59% (74/126),9,0,100% (10/10),22% (2/9),63% (12/19),[],"['2', '0', '5', '1']",[],[],[],1.05
18.03.,Escurra Isnardi H. J.,0,,,,,,10,3,65%,74% (31/42),30% (7/23),60% (3/5),22% (11/50),27% (3/11),0% (0/1),58% (38/65),23% (14/61),41% (52/126),1,0,78% (7/9),0% (0/10),37% (7/19),[],[],[],[],[],8.10
09.03.,Huertas Del Pino Cordova A.,2,,,,,,0,3,65%,67% (37/55),41% (12/29),33% (3/9),33% (29/87),67% (33/49),31% (5/16),58% (48/83),46% (62/136),50% (110/219),8,2,57% (8/14),33% (5/15),45% (13/29),[],"['2', '0', '5', '3']","['1', '0', '3', '0', '5', '4']",[],[],3.33
09.03.,Villanueva G.,1,,,,,,1,9,64%,67% (58/87),33% (16/49),69% (11/16),33% (18/55),59% (17/29),67% (6/9),54% (74/136),42% (35/83),50% (109/219),2,0,67% (10/15),43% (6/14),55% (16/29),"['2', '0', '4', '0']","['3', '4', '4', '5']","['1', '3', '4', '4']",[],[],1.30
07.03.,Tirante T. A.,2,,,,,,6,1,61%,71% (25/35),55% (12/22),67% (4/6),41% (17/41),50% (8/16),50% (4/8),65% (37/57),44% (25/57),54% (62/114),7,0,80% (8/10),40% (4/10),60% (12/20),"['4', '4', '6', '4']","['3', '3', '6', '4']",[],[],[],1.31
07.03.,Villanueva G.,0,,,,,,0,2,72%,59% (24/41),50% (8/16),50% (4/8),29% (10/35),45% (10/22),33% (2/6),56% (32/57),35% (20/57),46% (52/114),3,0,60% (6/10),20% (2/10),40% (8/20),"['1', '0']","['1', '0']",[],[],[],3.26
06.03.,Villanueva G.,2,,,,,,2,7,62%,67% (42/63),49% (19/39),64% (7/11),25% (14/57),50% (14/28),57% (4/7),61% (63/104),36% (32/89),49% (95/193),10,1,71% (10/14),27% (4/15),48% (14/29),[],"['3', '1']","['1', '0', '4', '3', '6', '3']",[],[],3.47
06.03.,Nava E.,1,,,,,,17,4,67%,75% (43/57),50% (14/28),43% (3/7),33% (21/63),51% (20/39),36% (4/11),64% (57/89),39% (41/104),51% (98/193),0,0,73% (11/15),29% (4/14),52% (15/29),"['1', '0', '3', '0']","['2', '3']","['1', '1']",[],[],1.28
04.03.,Villanueva G.,2,,,,,,6,1,65%,68% (30/44),75% (18/24),33% (1/3),40% (20/50),44% (7/16),100% (4/4),71% (48/68),42% (28/67),56% (76/135),10,0,85% (11/13),31% (4/13),58% (15/26),[],"['4', '4', '6', '4']","['2', '0', '5', '1']",[],[],2.48
04.03.,Pucinelli de Almeida M.,1,,,,,,0,1,76%,60% (30/50),56% (9/16),0% (0/4),32% (14/44),25% (6/24),67% (2/3),58% (39/67),29% (20/68),44% (59/135),0,0,69% (9/13),15% (2/13),42% (11/26),"['5', '3']","['3', '2']",[],[],[],1.50
03.03.,Villanueva G.,1,,,,,,2,2,65%,77% (24/31),53% (9/17),50% (1/2),33% (13/40),61% (22/36),38% (3/8),69% (33/48),46% (35/76),55% (68/124),6,0,86% (6/7),38% (3/8),60% (9/15),"['2', '2']","['1', '0', '3', '0']",[],[],[],1.62
03.03.,Soto M.,0,,,,,,8,4,53%,68% (27/40),39% (14/36),63% (5/8),23% (7/31),47% (8/17),50% (1/2),54% (41/76),31% (15/48),45% (56/124),4,0,63% (5/8),14% (1/7),40% (6/15),"['2', '1']",[],[],[],[],20.5
02.03.,Villanueva G.,2,,,,,,4,3,64%,75% (42/56),55% (17/31),60% (3/5),35% (22/62),51% (23/45),26% (5/19),68% (59/87),42% (45/107),54% (104/194),5,0,87% (13/15),33% (5/15),60% (18/30),"['3', '1']","['1', '2', '3', '2', '5', '2']","['1', '0']",[],[],1.11
02.03.,Falabella L. A.,1,,,,,,2,1,58%,65% (40/62),49% (22/45),74% (14/19),25% (14/56),45% (14/31),40% (2/5),58% (62/107),32% (28/87),46% (90/194),5,0,67% (10/15),13% (2/15),40% (12/30),"['2', '3']","['2', '0']",[],[],[],5.65
12.08.2024,Villanueva G.,0,0,4,,,,0,3,66%,52% (17/33),29% (5/17),29% (2/7),27% (8/30),33% (5/15),25% (1/4),4,44% (22/50),29% (13/45),37% (35/95),2,38% (3/8),13% (1/8),25% (4/16),[],"['4', '3']",[],[],[],1.64
12.08.2024,Cadenasso G.,2,6,6,,,,2,0,67%,73% (22/30),67% (10/15),75% (3/4),48% (16/33),71% (12/17),71% (5/7),7,71% (32/45),56% (28/50),63% (60/95),7,88% (7/8),63% (5/8),75% (12/16),"['2', '0', '4', '0', '6', '0']","['4', '4', '6', '4']",[],[],[],2.20
11.08.2024,Villanueva G.,2,6,6,,,,0,1,61%,79% (22/28),56% (10/18),33% (1/3),49% (17/35),100% (7/7),63% (5/8),16,70% (32/46),57% (24/42),64% (56/88),6,78% (7/9),63% (5/8),71% (12/17),"['2', '0', '3', '1', '6', '4']","['2', '0', '4', '0']",[],[],[],1.14
11.08.2024,Gerini T.,0,4,1,,,,3,3,83%,51% (18/35),0% (0/7),38% (3/8),21% (6/28),44% (8/18),67% (2/3),5,43% (18/42),30% (14/46),36% (32/88),2,38% (3/8),22% (2/9),29% (5/17),"['1', '2', '4', '5']",[],[],[],[],5.38
CHALLENGER MEN - SINGLES :  Cordenons (Italy) - Qualification,clay,header
05.08.2024,Villanueva G.,0,5,2,,,,3,3,64%,62% (24/39),45% (10/22),50% (4/8),28% (11/40),50% (12/24),50% (1/2),7,56% (34/61),36% (23/64),46% (57/125),3,60% (6/10),10% (1/10),35% (7/20),"['3', '2']",[],[],[],[],2.38
05.08.2024,Serdarusic N.,2,7,6,,,,4,1,63%,73% (29/40),50% (12/24),50% (1/2),38% (15/39),55% (12/22),50% (4/8),6,64% (41/64),44% (27/61),54% (68/125),5,90% (9/10),40% (4/10),65% (13/20),"['5', '5', '7', '5']","['3', '1', '6', '2']",[],[],[],1.55
04.08.2024,Villanueva G.,2,6,6,,,,0,3,56%,87% (20/23),67% (12/18),0% (0/0),48% (15/31),57% (16/28),36% (4/11),7,78% (32/41),53% (31/59),63% (63/100),7,100% (8/8),50% (4/8),75% (12/16),"['2', '1', '4', '1', '6', '1']","['3', '1']",[],[],[],1.40
04.08.2024,Buldorini P.,0,1,3,,,,1,9,53%,52% (16/31),43% (12/28),64% (7/11),13% (3/23),33% (6/18),0% (0/0),4,47% (28/59),22% (9/41),37% (37/100),1,50% (4/8),0% (0/8),25% (4/16),[],[],[],[],[],2.63
CHALLENGER MEN - SINGLES :  San Marino (San Marino),clay,header
30.07.2024,Villanueva G.,0,3,5,,,,1,8,47%,61% (17/28),47% (15/32),33% (2/6),24% (9/38),50% (14/28),100% (2/2),5,53% (32/60),35% (23/66),44% (55/126),3,60% (6/10),18% (2/11),38% (8/21),"['2', '5']","['4', '2']",[],[],[],0
30.07.2024,Fatic N.,2,6,7,,,,4,1,58%,76% (29/38),50% (14/28),0% (0/2),39% (11/28),53% (17/32),67% (4/6),8,65% (43/66),47% (28/60),56% (71/126),5,82% (9/11),40% (4/10),62% (13/21),"['3', '1', '5', '1']","['4', '5', '6', '5']",[],[],[],0
CHALLENGER MEN - SINGLES :  San Marino (San Marino) - Qualification,clay,header
29.07.2024,Villanueva G.,0,1,3,,,,1,3,71%,54% (20/37),33% (5/15),50% (4/8),29% (10/35),38% (8/21),0% (0/5),3,48% (25/52),32% (18/56),40% (43/108),1,50% (4/8),0% (0/8),25% (4/16),[],[],[],[],[],2.47
29.07.2024,Reis Da Silva J.,2,6,6,,,,3,3,63%,71% (25/35),62% (13/21),100% (5/5),46% (17/37),67% (10/15),50% (4/8),7,68% (38/56),52% (27/52),60% (65/108),7,100% (8/8),50% (4/8),75% (12/16),"['2', '1', '4', '1', '6', '1']","['5', '3']",[],[],[],1.51
28.07.2024,Villanueva G.,2,6,6,,,,0,1,83%,70% (35/50),50% (5/10),75% (3/4),38% (16/42),59% (10/17),50% (3/6),9,67% (40/60),44% (26/59),55% (66/119),3,90% (9/10),30% (3/10),60% (12/20),"['3', '2']","['1', '0', '3', '2']",[],[],[],1.89
28.07.2024,Piraino G.,0,4,4,,,,0,1,71%,62% (26/42),41% (7/17),50% (3/6),30% (15/50),50% (5/10),25% (1/4),5,56% (33/59),33% (20/60),45% (53/119),2,70% (7/10),10% (1/10),40% (8/20),[],"['2', '2']",[],[],[],1.85
CHALLENGER MEN - SINGLES :  Verona (Italy) - Qualification,clay,header
22.07.2024,Villanueva G.,0,3,2,,,,2,1,65%,54% (19/35),42% (8/19),43% (3/7),28% (8/29),25% (5/20),20% (1/5),4,50% (27/54),27% (13/49),39% (40/103),3,50% (4/8),11% (1/9),29% (5/17),"['2', '1']",[],[],[],[],3.43
22.07.2024,Arnaboldi F.,2,6,6,,,,4,2,59%,72% (21/29),75% (15/20),80% (4/5),46% (16/35),58% (11/19),57% (4/7),10,73% (36/49),50% (27/54),61% (63/103),7,89% (8/9),50% (4/8),71% (12/17),"['3', '3', '5', '3']","['1', '0', '4', '1']",[],[],[],1.29
21.07.2024,Villanueva G.,2,6,6,,,,2,1,64%,68% (25/37),71% (15/21),100% (2/2),31% (8/26),50% (11/22),100% (3/3),7,69% (40/58),40% (19/48),56% (59/106),5,100% (9/9),33% (3/9),67% (12/18),"['4', '3']","['3', '2', '5', '2']",[],[],[],1.08
21.07.2024,Di Natale G. M.,0,4,2,,,,1,2,54%,69% (18/26),50% (11/22),0% (0/3),32% (12/37),29% (6/21),0% (0/2),5,60% (29/48),31% (18/58),44% (47/106),1,67% (6/9),0% (0/9),33% (6/18),[],[],[],[],[],7.34
CHALLENGER MEN - SINGLES :  Ibague (Colombia),clay,header
25.06.2024,Villanueva G.,0,6^4,6^4,,,,0,5,56%,75% (33/44),46% (16/35),50% (2/4),21% (8/38),49% (27/55),20% (2/10),7,62% (49/79),38% (35/93),49% (84/172),2,83% (10/12),17% (2/12),50% (12/24),"['1', '0']","['2', '0']",[],[],[],1.49
25.06.2024,Aboian L.,2,7^7,7^7,,,,10,4,41%,79% (30/38),51% (28/55),80% (8/10),25% (11/44),54% (19/35),50% (2/4),6,62% (58/93),38% (30/79),51% (88/172),3,83% (10/12),17% (2/12),50% (12/24),"['3', '3']","['1', '2']",[],[],[],2.53
CHALLENGER MEN - SINGLES :  Santa Cruz 2 (Bolivia),clay,header
18.06.2024,Villanueva G.,0,4,2,,,,0,8,63%,51% (20/39),39% (9/23),67% (10/15),39% (18/46),46% (19/41),14% (2/14),7,47% (29/62),43% (37/87),44% (66/149),1,44% (4/9),22% (2/9),33% (6/18),[],"['1', '0', '2', '3']",[],[],[],2.24
18.06.2024,Lingua Lavallen A. L.,2,6,6,,,,4,4,53%,61% (28/46),54% (22/41),86% (12/14),49% (19/39),61% (14/23),33% (5/15),6,57% (50/87),53% (33/62),56% (83/149),3,78% (7/9),56% (5/9),67% (12/18),"['6', '4']","['1', '1', '3', '1', '4', '2', '6', '2']",[],[],[],1.61
CHALLENGER MEN - SINGLES :  Lima (Peru),clay,header
13.06.2024,Villanueva G.,0,4,1,,,,0,4,68%,53% (24/45),29% (6/21),55% (6/11),28% (7/25),43% (9/21),25% (1/4),4,45% (30/66),35% (16/46),41% (46/112),2,44% (4/9),13% (1/8),29% (5/17),"['1', '3']",[],[],[],[],4.50
13.06.2024,Cerundolo J. M.,2,6,6,,,,4,0,54%,72% (18/25),57% (12/21),75% (3/4),47% (21/45),71% (15/21),45% (5/11),11,65% (30/46),55% (36/66),59% (66/112),5,88% (7/8),56% (5/9),71% (12/17),"['1', '0', '3', '0']","['1', '0', '3', '0', '6', '1']",[],[],[],1.19
11.06.2024,Villanueva G.,2,6,6,,,,1,1,66%,81% (25/31),56% (9/16),0% (0/1),36% (10/28),58% (14/24),50% (4/8),5,72% (34/47),46% (24/52),59% (58/99),3,89% (8/9),44% (4/9),67% (12/18),"['5', '3', '6', '4']","['3', '1', '6', '2']",[],[],[],1.43
11.06.2024,Adams H.,0,4,2,,,,3,1,54%,64% (18/28),42% (10/24),50% (4/8),19% (6/31),44% (7/16),100% (1/1),5,54% (28/52),28% (13/47),41% (41/99),1,56% (5/9),11% (1/9),33% (6/18),"['4', '5']",[],[],[],[],2.73
CHALLENGER MEN - SINGLES :  Santa Fe (Argentina),clay,header
08.06.2024,Villanueva G.,0,5,3,,,,0,4,65%,64% (35/55),31% (9/29),60% (6/10),33% (16/49),47% (8/17),33% (2/6),9,52% (44/84),36% (24/66),45% (68/150),2,60% (6/10),18% (2/11),38% (8/21),"['1', '0', '5', '4']",[],[],[],[],3.69
08.06.2024,Collarini A.,2,7,6,,,,1,0,74%,67% (33/49),53% (9/17),67% (4/6),36% (20/55),69% (20/29),40% (4/10),8,64% (42/66),48% (40/84),55% (82/150),6,82% (9/11),40% (4/10),62% (13/21),"['3', '3', '5', '5', '7', '5']","['2', '0']",[],[],[],1.25
07.06.2024,Villanueva G.,2,5,7,6,,,0,3,69%,74% (52/70),48% (15/31),63% (5/8),24% (12/51),50% (23/46),80% (4/5),7,66% (67/101),36% (35/97),52% (102/198),3,82% (14/17),24% (4/17),53% (18/34),"['2', '3']","['1', '0', '6', '5']","['5', '4']",[],[],1.37
07.06.2024,Farjat T.,1,7,5,4,,,14,2,53%,76% (39/51),50% (23/46),20% (1/5),26% (18/70),52% (16/31),38% (3/8),5,64% (62/97),34% (34/101),48% (96/198),3,76% (13/17),18% (3/17),47% (16/34),"['3', '1', '7', '5']","['4', '4']",[],[],[],2.92
06.06.2024,Villanueva G.,2,6,6,,,,0,1,64%,71% (25/35),65% (13/20),50% (1/2),25% (6/24),47% (14/30),60% (3/5),7,69% (38/55),37% (20/54),53% (58/109),4,90% (9/10),30% (3/10),60% (12/20),"['2', '1', '4', '1']","['2', '1']",[],[],[],1.12
06.06.2024,Monferrer E.,0,4,4,,,,5,4,44%,75% (18/24),53% (16/30),40% (2/5),29% (10/35),35% (7/20),50% (1/2),5,63% (34/54),31% (17/55),47% (51/109),2,70% (7/10),10% (1/10),40% (8/20),"['2', '4']",[],[],[],[],6.38
04.06.2024,Villanueva G.,2,6,6,,,,1,1,69%,56% (20/36),63% (10/16),33% (1/3),55% (22/40),67% (10/15),46% (6/13),6,58% (30/52),58% (32/55),58% (62/107),5,75% (6/8),75% (6/8),75% (12/16),"['1', '0', '3', '0', '5', '0', '6', '1']","['1', '1', '3', '1']",[],[],[],1.19
04.06.2024,Estevez J.,0,1,3,,,,0,1,73%,45% (18/40),33% (5/15),54% (7/13),44% (16/36),38% (6/16),67% (2/3),4,42% (23/55),42% (22/52),42% (45/107),1,25% (2/8),25% (2/8),25% (4/16),"['1', '5']","['1', '0']",[],[],[],4.45
CHALLENGER MEN - SINGLES :  Santos (Brazil),clay,header
11.05.2024,Villanueva G.,0,3,6^10,,,,0,4,63%,60% (30/50),59% (17/29),67% (4/6),33% (14/43),37% (13/35),33% (1/3),8,59% (47/79),35% (27/78),47% (74/157),2,80% (8/10),9% (1/11),43% (9/21),[],"['3', '1']",[],[],[],2.36
11.05.2024,Rodriguez Taverna S.,2,6,7^12,,,,3,3,55%,67% (29/43),63% (22/35),67% (2/3),40% (20/50),41% (12/29),33% (2/6),5,65% (51/78),41% (32/79),53% (83/157),3,91% (10/11),20% (2/10),57% (12/21),"['5', '3']","['2', '3']",[],[],[],1.54
09.05.2024,Villanueva G.,2,3,6,6,,,1,5,56%,59% (26/44),43% (15/35),45% (5/11),44% (18/41),64% (27/42),67% (8/12),8,52% (41/79),54% (45/83),53% (86/162),3,54% (7/13),62% (8/13),58% (15/26),"['1', '1', '2', '4']","['1', '0', '3', '0', '5', '2']","['2', '1', '3', '2', '6', '3']",[],[],1.87
09.05.2024,Sakamoto P.,1,6,2,3,,,2,2,49%,56% (23/41),36% (15/42),33% (4/12),41% (18/44),57% (20/35),55% (6/11),7,46% (38/83),48% (38/79),47% (76/162),3,38% (5/13),46% (6/13),42% (11/26),"['1', '0', '2', '1', '4', '1', '6', '3']","['1', '3']","['2', '2']",[],[],1.87
07.05.2024,Villanueva G.,2,6,6,,,,0,3,63%,63% (22/35),48% (10/21),63% (5/8),60% (12/20),56% (20/36),55% (6/11),7,57% (32/56),57% (32/56),57% (64/112),4,67% (6/9),67% (6/9),67% (12/18),"['1', '0', '3', '0', '4', '3']","['2', '1', '4', '1', '5', '2']",[],[],[],1.42
07.05.2024,Leite W.,0,4,2,,,,2,2,36%,40% (8/20),44% (16/36),45% (5/11),37% (13/35),52% (11/21),38% (3/8),6,43% (24/56),43% (24/56),43% (48/112),3,33% (3/9),33% (3/9),33% (6/18),"['1', '3', '3', '3']","['2', '4']",[],[],[],2.76
CHALLENGER MEN - SINGLES :  Porto Alegre (Brazil),clay,header
02.05.2024,Villanueva G.,0,1,3,,,,0,1,47%,62% (16/26),38% (11/29),50% (5/10),18% (4/22),41% (9/22),100% (1/1),4,49% (27/55),30% (13/44),40% (40/99),2,38% (3/8),13% (1/8),25% (4/16),[],"['2', '2']",[],[],[],2.28
02.05.2024,Dutra Da Silva D.,2,6,6,,,,3,1,50%,82% (18/22),59% (13/22),0% (0/1),38% (10/26),62% (18/29),50% (5/10),7,70% (31/44),51% (28/55),60% (59/99),4,88% (7/8),63% (5/8),75% (12/16),"['2', '0', '5', '1']","['2', '1', '4', '3', '6', '3']",[],[],[],1.59
30.04.2024,Villanueva G.,2,6,6,,,,1,1,69%,66% (25/38),65% (11/17),100% (2/2),60% (9/15),70% (14/20),100% (5/5),8,65% (36/55),66% (23/35),66% (59/90),8,100% (7/7),71% (5/7),86% (12/14),"['3', '1', '6', '2']","['2', '0', '4', '0', '6', '0']",[],[],[],1.11
30.04.2024,Miguel L.,0,2,0,,,,0,8,43%,40% (6/15),30% (6/20),0% (0/5),34% (13/38),35% (6/17),0% (0/2),2,34% (12/35),35% (19/55),34% (31/90),1,29% (2/7),0% (0/7),14% (2/14),[],[],[],[],[],6.17
CHALLENGER MEN - SINGLES :  Concepcion (Chile),clay,header
24.04.2024,Villanueva G.,0,3,4,,,,2,4,60%,66% (23/35),43% (10/23),50% (3/6),18% (6/33),45% (9/20),100% (1/1),4,57% (33/58),28% (15/53),43% (48/111),1,67% (6/9),10% (1/10),37% (7/19),"['3', '4']",[],[],[],[],1.38
24.04.2024,Sakellaridis S.,2,6,6,,,,12,2,62%,82% (27/33),55% (11/20),0% (0/1),34% (12/35),57% (13/23),50% (3/6),5,72% (38/53),43% (25/58),57% (63/111),3,90% (9/10),33% (3/9),63% (12/19),"['4', '2', '5', '3']","['5', '4']",[],[],[],3.04
CHALLENGER MEN - SINGLES :  San Miguel de Tucuman (Argentina),clay,header
19.04.2024,Villanueva G.,0,3,2,,,,1,4,60%,45% (14/31),57% (12/21),20% (1/5),36% (16/45),25% (3/12),25% (1/4),8,50% (26/52),33% (19/57),41% (45/109),2,50% (4/8),11% (1/9),29% (5/17),"['3', '4']",[],[],[],[],2.36
19.04.2024,Collarini A.,2,6,6,,,,3,2,79%,64% (29/45),75% (9/12),75% (3/4),55% (17/31),43% (9/21),80% (4/5),6,67% (38/57),50% (26/52),59% (64/109),5,89% (8/9),50% (4/8),71% (12/17),"['2', '0', '5', '3']","['3', '2', '5', '2']",[],[],[],1.54
18.04.2024,Villanueva G.,1,6,5,,,,0,2,68%,69% (25/36),65% (11/17),100% (3/3),43% (10/23),75% (15/20),44% (4/9),8,68% (36/53),58% (25/43),64% (61/96),7,100% (7/7),67% (4/6),85% (11/13),"['2', '0', '4', '0', '6', '0']","['4', '2']",[],[],[],1.78
18.04.2024,Kestelboim M.,0,0,2,,,,1,2,53%,57% (13/23),25% (5/20),56% (5/9),31% (11/36),35% (6/17),0% (0/3),3,42% (18/43),32% (17/53),36% (35/96),1,33% (2/6),0% (0/7),15% (2/13),[],[],[],[],[],1.97
16.04.2024,Villanueva G.,2,7^7,6,,,,0,2,61%,70% (30/43),57% (16/28),67% (4/6),39% (20/51),60% (15/25),43% (3/7),8,65% (46/71),46% (35/76),55% (81/147),3,82% (9/11),30% (3/10),57% (12/21),"['3', '2', '4', '3']","['4', '2']",[],[],[],2.20
16.04.2024,Lingua Lavallen A. L.,0,6^1,3,,,,6,6,67%,61% (31/51),40% (10/25),57% (4/7),30% (13/43),43% (12/28),33% (2/6),7,54% (41/76),35% (25/71),45% (66/147),3,70% (7/10),18% (2/11),43% (9/21),"['3', '3', '5', '5']",[],[],[],[],1.64
CHALLENGER MEN - SINGLES :  Florianopolis (Brazil),clay,header
03.04.2024,Villanueva G.,1,6,6^5,2,,,0,2,80%,59% (46/78),55% (11/20),60% (6/10),30% (25/84),62% (33/53),17% (3/18),5,58% (57/98),42% (58/137),49% (115/235),3,73% (11/15),20% (3/15),47% (14/30),"['2', '3', '5', '4']",[],"['1', '3']",[],[],1.98
03.04.2024,Dutra Da Silva D.,2,4,7^7,6,,,7,8,61%,70% (59/84),38% (20/53),83% (15/18),41% (32/78),45% (9/20),40% (4/10),6,58% (79/137),42% (41/98),51% (120/235),4,80% (12/15),27% (4/15),53% (16/30),"['2', '0']",[],"['1', '0', '3', '0', '4', '1']",[],[],1.77
CHALLENGER MEN - SINGLES :  Sao Leopoldo (Brazil),clay,header
27.03.2024,Villanueva G.,0,5,6^0,,,,2,2,65%,49% (29/59),50% (16/32),55% (6/11),29% (13/45),52% (12/23),67% (4/6),5,49% (45/91),37% (25/68),44% (70/159),4,58% (7/12),33% (4/12),46% (11/24),"['1', '0', '4', '1']","['1', '0', '3', '0']",[],[],[],6.91
27.03.2024,Varillas J. P.,2,7,7^7,,,,7,1,66%,71% (32/45),48% (11/23),33% (2/6),51% (30/59),50% (16/32),45% (5/11),9,63% (43/68),51% (46/91),56% (89/159),5,67% (8/12),42% (5/12),54% (13/24),"['2', '4', '4', '4', '7', '5']","['2', '4', '4', '4']",[],[],[],1.09
CHALLENGER MEN - SINGLES :  Sao Leopoldo (Brazil) - Qualification,clay,header
25.03.2024,Villanueva G.,1,6,1,2,,,2,2,64%,64% (29/45),52% (13/25),33% (2/6),25% (13/51),52% (12/23),50% (1/2),5,60% (42/70),34% (25/74),47% (67/144),3,67% (8/12),8% (1/12),38% (9/24),"['2', '0']",[],[],[],[],1.62
25.03.2024,Uchida K.,2,3,6,6,,,6,0,69%,75% (38/51),48% (11/23),50% (1/2),36% (16/45),48% (12/25),67% (4/6),12,66% (49/74),40% (28/70),53% (77/144),7,92% (11/12),33% (4/12),63% (15/24),[],"['3', '1', '5', '1']","['1', '0', '4', '1']",[],[],2.23
25.03.2024,Villanueva G.,2,6,6,,,,1,2,67%,81% (25/31),33% (5/15),100% (3/3),63% (15/24),60% (12/20),63% (5/8),7,65% (30/46),61% (27/44),63% (57/90),9,100% (7/7),71% (5/7),86% (12/14),"['2', '1', '5', '2']","['1', '0', '3', '0', '5', '0']",[],[],[],1.20
25.03.2024,Tosetto R.,0,2,0,,,,1,0,55%,38% (9/24),40% (8/20),38% (3/8),19% (6/31),67% (10/15),0% (0/3),4,39% (17/44),35% (16/46),37% (33/90),1,29% (2/7),0% (0/7),14% (2/14),[],[],[],[],[],4.36
CHALLENGER MEN - SINGLES :  Asuncion (Paraguay),clay,header
20.03.2024,Villanueva G.,0,3,4,,,,1,0,73%,59% (29/49),50% (9/18),70% (7/10),28% (13/47),40% (6/15),20% (1/5),4,57% (38/67),31% (19/62),44% (57/129),2,67% (6/9),10% (1/10),37% (7/19),"['1', '0']",[],[],[],[],1.42
20.03.2024,Zanellato N.,2,6,6,,,,1,1,76%,72% (34/47),60% (9/15),80% (4/5),41% (20/49),50% (9/18),30% (3/10),5,69% (43/62),43% (29/67),56% (72/129),5,90% (9/10),33% (3/9),63% (12/19),"['3', '3', '5', '3']","['2', '1']",[],[],[],2.76
CHALLENGER MEN - SINGLES :  Asuncion (Paraguay) - Qualification,clay,header
19.03.2024,Villanueva G.,2,6,6,,,,0,2,70%,80% (24/30),69% (9/13),0% (0/0),38% (9/24),67% (14/21),80% (4/5),7,77% (33/43),51% (23/45),64% (56/88),4,100% (8/8),50% (4/8),75% (12/16),"['3', '1']","['1', '0', '4', '1', '6', '1']",[],[],[],1.32
19.03.2024,Huertas Del Pino C.,0,3,1,,,,1,4,53%,63% (15/24),33% (7/21),20% (1/5),20% (6/30),31% (4/13),0% (0/0),5,49% (22/45),23% (10/43),36% (32/88),1,50% (4/8),0% (0/8),25% (4/16),[],[],[],[],[],3.24
18.03.2024,Villanueva G.,2,6,6,,,,0,2,76%,79% (23/29),67% (6/9),100% (3/3),55% (16/29),63% (12/19),56% (5/9),12,76% (29/38),58% (28/48),66% (57/86),9,100% (7/7),71% (5/7),86% (12/14),"['3', '1', '5', '1']","['1', '0', '3', '0', '6', '1']",[],[],[],1.06
18.03.2024,Carou I.,0,1,1,,,,0,4,60%,45% (13/29),37% (7/19),44% (4/9),21% (6/29),33% (3/9),0% (0/3),3,42% (20/48),24% (9/38),34% (29/86),1,29% (2/7),0% (0/7),14% (2/14),[],[],[],[],[],7.95
CHALLENGER MEN - SINGLES :  Santiago (Chile) - Qualification,clay,header
11.03.2024,Villanueva G.,0,6^5,3,,,,1,3,53%,59% (24/41),41% (15/37),62% (8/13),43% (25/58),50% (15/30),25% (3/12),8,50% (39/78),45% (40/88),48% (79/166),2,55% (6/11),30% (3/10),43% (9/21),"['4', '3', '6', '5']","['1', '1']",[],[],[],2.29
11.03.2024,Boitan G. A.,2,7^7,6,,,,2,3,66%,57% (33/58),50% (15/30),75% (9/12),41% (17/41),59% (22/37),38% (5/13),6,55% (48/88),50% (39/78),52% (87/166),4,70% (7/10),45% (5/11),57% (12/21),"['4', '4', '6', '6']","['1', '0', '4', '3', '6', '3']",[],[],[],1.59
CHALLENGER MEN - SINGLES :  Santa Cruz (Bolivia),clay,header
06.03.2024,Villanueva G.,0,0,3,,,,0,2,51%,54% (14/26),36% (9/25),38% (3/8),20% (5/25),47% (9/19),50% (1/2),7,45% (23/51),32% (14/44),39% (37/95),2,29% (2/7),13% (1/8),20% (3/15),[],"['1', '0']",[],[],[],2.08
06.03.2024,Boitan G. A.,2,6,6,,,,4,2,57%,80% (20/25),53% (10/19),50% (1/2),46% (12/26),64% (16/25),63% (5/8),8,68% (30/44),55% (28/51),61% (58/95),6,88% (7/8),71% (5/7),80% (12/15),"['2', '0', '4', '0', '6', '0']","['2', '2', '4', '2']",[],[],[],1.71
CHALLENGER MEN - SINGLES :  Santa Cruz (Bolivia) - Qualification,clay,header
04.03.2024,Villanueva G.,1,6,4,,,,5,2,67%,70% (21/30),67% (10/15),50% (1/2),34% (10/29),50% (11/22),50% (3/6),6,69% (31/45),41% (21/51),54% (52/96),6,88% (7/8),33% (3/9),59% (10/17),"['2', '1', '4', '1', '6', '1']",[],[],[],[],1.97
04.03.2024,Rybakov A.,1,1,6,,,,7,2,57%,66% (19/29),50% (11/22),50% (3/6),30% (9/30),33% (5/15),50% (1/2),4,59% (30/51),31% (14/45),46% (44/96),2,67% (6/9),13% (1/8),41% (7/17),[],"['1', '0']",[],[],[],1.78
03.03.2024,Villanueva G.,0,4,,,,,1,0,62%,100% (8/8),80% (4/5),0% (0/0),29% (2/7),36% (4/11),50% (1/2),6,92% (12/13),33% (6/18),58% (18/31),2,100% (3/3),33% (1/3),67% (4/6),"['1', '0']",[],[],[],[],1.23
03.03.2024,Zormann Da Silva M.,0,2,,,,,1,1,39%,71% (5/7),64% (7/11),50% (1/2),0% (0/8),20% (1/5),0% (0/0),4,67% (12/18),8% (1/13),42% (13/31),1,67% (2/3),0% (0/3),33% (2/6),[],[],[],[],[],3.95
ITF MEN - SINGLES :  M25 Punta del Este 2 (Uruguay),clay,header
ITF MEN - SINGLES :  M25 Punta del Este (Uruguay),clay,header
CHALLENGER MEN - SINGLES :  Piracicaba (Brazil),clay,header
30.01.2024,Villanueva G.,0,2,4,,,,2,1,67%,73% (24/33),44% (7/16),50% (3/6),12% (4/34),40% (4/10),0% (0/0),4,63% (31/49),18% (8/44),42% (39/93),1,67% (6/9),0% (0/9),33% (6/18),[],[],[],[],[],2.16
30.01.2024,Casanova H.,2,6,6,,,,0,3,77%,88% (30/34),60% (6/10),0% (0/0),27% (9/33),56% (9/16),50% (3/6),5,82% (36/44),37% (18/49),58% (54/93),3,100% (9/9),33% (3/9),67% (12/18),"['1', '0', '4', '1']","['2', '1']",[],[],[],1.66
CHALLENGER MEN - SINGLES :  Piracicaba (Brazil) - Qualification,clay,header
30.01.2024,Villanueva G.,2,6,7,,,,1,2,58%,64% (21/33),50% (12/24),57% (4/7),48% (15/31),53% (17/32),46% (6/13),7,58% (33/57),51% (32/63),54% (65/120),4,73% (8/11),56% (5/9),65% (13/20),"['1', '0', '3', '0', '4', '1']","['3', '4', '5', '4', '6', '5']",[],[],[],0
30.01.2024,Kestelboim M.,0,2,5,,,,4,4,49%,52% (16/31),47% (15/32),54% (7/13),36% (12/33),50% (12/24),43% (3/7),12,49% (31/63),42% (24/57),46% (55/120),3,44% (4/9),27% (3/11),35% (7/20),"['1', '3']","['3', '1', '5', '5']",[],[],[],0
29.01.2024,Villanueva G.,2,6,6,,,,0,3,58%,72% (23/32),57% (13/23),100% (7/7),48% (13/27),59% (20/34),36% (5/14),4,65% (36/55),54% (33/61),59% (69/116),7,100% (7/7),71% (5/7),86% (12/14),"['1', '0', '3', '0']","['1', '0', '3', '0', '5', '0']",[],[],[],1.11
29.01.2024,Yamacita F.,0,2,0,,,,2,8,44%,52% (14/27),41% (14/34),64% (9/14),28% (9/32),43% (10/23),0% (0/7),3,46% (28/61),35% (19/55),41% (47/116),1,29% (2/7),0% (0/7),14% (2/14),[],[],[],[],[],5.96
CHALLENGER MEN - SINGLES :  Buenos Aires 3 (Argentina),clay,header
CHALLENGER MEN - SINGLES :  Buenos Aires 3 (Argentina) - Qualification,clay,header
CHALLENGER MEN - SINGLES :  Buenos Aires (Argentina),clay,header
10.01.2024,Villanueva G.,1,6,5,6^2,,,2,2,62%,64% (46/72),53% (24/45),33% (2/6),25% (15/59),48% (20/42),50% (4/8),6,60% (70/117),35% (35/101),48% (105/218),4,76% (13/17),24% (4/17),50% (17/34),"['1', '0']","['1', '2', '3', '2']","['1', '0']",[],[],2.38
10.01.2024,Krutykh O.,2,4,7,7^7,,,15,2,58%,75% (44/59),52% (22/42),50% (4/8),36% (26/72),47% (21/45),67% (4/6),7,65% (66/101),40% (47/117),52% (113/218),4,76% (13/17),24% (4/17),50% (17/34),[],"['2', '0', '5', '5', '7', '5']","['1', '1']",[],[],1.55
CHALLENGER MEN - SINGLES :  Buenos Aires (Argentina) - Qualification,clay,header
08.01.2024,Villanueva G.,2,6,6,,,,0,1,67%,63% (20/32),56% (9/16),25% (1/4),53% (21/40),59% (17/29),38% (6/16),8,60% (29/48),55% (38/69),57% (67/117),7,67% (6/9),67% (6/9),67% (12/18),"['2', '0', '4', '2', '6', '2']","['2', '0', '4', '0', '6', '4']",[],[],[],1.78
08.01.2024,Vallejo D.,0,2,4,,,,0,5,58%,48% (19/40),41% (12/29),63% (10/16),38% (12/32),44% (7/16),75% (3/4),7,45% (31/69),40% (19/48),43% (50/117),2,33% (3/9),33% (3/9),33% (6/18),"['2', '3']","['1', '4', '4', '5']",[],[],[],1.97
07.01.2024,Villanueva G.,2,6,6,,,,0,1,70%,73% (22/30),69% (9/13),100% (5/5),63% (12/19),71% (12/17),63% (5/8),13,72% (31/43),67% (24/36),70% (55/79),9,100% (7/7),83% (5/6),92% (12/13),"['2', '0', '5', '1']","['1', '0', '3', '0', '5', '0']",[],[],[],1.06
07.01.2024,Darderi V. A.,0,1,0,,,,0,2,53%,37% (7/19),29% (5/17),38% (3/8),27% (8/30),31% (4/13),0% (0/5),4,33% (12/36),28% (12/43),30% (24/79),1,17% (1/6),0% (0/7),8% (1/13),[],[],[],[],[],8.25
ITF MEN - SINGLES :  M15 Concepcion 2 (Chile),clay,header
16.12.2023,Villanueva G.,2,6,6,,,,-,-,-,-,-,-,-,-,-,-,-,-,-,-,-,-,-,-,-,-,[],[],[],[],[],2.38
16.12.2023,Mena F.,0,3,4,,,,-,-,-,-,-,-,-,-,-,-,-,-,-,-,-,-,-,-,-,-,[],[],[],[],[],1.53
15.12.2023,Villanueva G.,2,6,6,,,,-,-,-,-,-,-,-,-,-,-,-,-,-,-,-,-,-,-,-,-,[],[],[],[],[],1.21
15.12.2023,Becerra Otarola I. A.,0,0,1,,,,-,-,-,-,-,-,-,-,-,-,-,-,-,-,-,-,-,-,-,-,[],[],[],[],[],4.28
14.12.2023,Villanueva G.,2,6,7^10,,,,-,-,-,-,-,-,-,-,-,-,-,-,-,-,-,-,-,-,-,-,[],[],[],[],[],1.24
14.12.2023,Fernandez Flores D.,0,0,6^8,,,,-,-,-,-,-,-,-,-,-,-,-,-,-,-,-,-,-,-,-,-,[],[],[],[],[],3.73
13.12.2023,Villanueva G.,2,6,6,,,,-,-,-,-,-,-,-,-,-,-,-,-,-,-,-,-,-,-,-,-,[],[],[],[],[],1.01
13.12.2023,Cabrera M. A.,0,3,1,,,,-,-,-,-,-,-,-,-,-,-,-,-,-,-,-,-,-,-,-,-,[],[],[],[],[],12.00
11.12.2023,Villanueva G.,2,6,6,,,,-,-,-,-,-,-,-,-,-,-,-,-,-,-,-,-,-,-,-,-,[],[],[],[],[],1.01
11.12.2023,Cavallo F.,0,2,0,,,,-,-,-,-,-,-,-,-,-,-,-,-,-,-,-,-,-,-,-,-,[],[],[],[],[],12.30
ITF MEN - SINGLES :  M15 Concepcion (Chile),clay,header
08.12.2023,Villanueva G.,1,3,7^7,3,,,-,-,-,-,-,-,-,-,-,-,-,-,-,-,-,-,-,-,-,-,[],[],[],[],[],2.57
08.12.2023,Kicker N.,2,6,6^3,6,,,-,-,-,-,-,-,-,-,-,-,-,-,-,-,-,-,-,-,-,-,[],[],[],[],[],1.46
07.12.2023,Villanueva G.,2,6,7^7,,,,-,-,-,-,-,-,-,-,-,-,-,-,-,-,-,-,-,-,-,-,[],[],[],[],[],1.08
07.12.2023,Mouilleron Salvo M.,0,1,6^5,,,,-,-,-,-,-,-,-,-,-,-,-,-,-,-,-,-,-,-,-,-,[],[],[],[],[],6.92
05.12.2023,Villanueva G.,2,6,6,,,,-,-,-,-,-,-,-,-,-,-,-,-,-,-,-,-,-,-,-,-,[],[],[],[],[],1.08
05.12.2023,Villalon N.,0,1,3,,,,-,-,-,-,-,-,-,-,-,-,-,-,-,-,-,-,-,-,-,-,[],[],[],[],[],6.60
CHALLENGER MEN - SINGLES :  Temuco (Chile),hard,header
29.11.2023,Villanueva G.,0,4,6^5,,,,1,3,66%,65% (28/43),41% (9/22),25% (1/4),23% (11/47),55% (12/22),100% (2/2),5,57% (37/65),33% (23/69),45% (60/134),2,73% (8/11),18% (2/11),45% (10/22),"['1', '0']","['3', '4']",[],[],[],4.74
29.11.2023,Kovacevic A.,2,6,7^7,,,,14,0,68%,77% (36/47),45% (10/22),0% (0/2),35% (15/43),59% (13/22),75% (3/4),8,67% (46/69),43% (28/65),55% (74/134),3,82% (9/11),27% (3/11),55% (12/22),"['1', '1', '6', '4']","['4', '2']",[],[],[],1.17
28.11.2023,Villanueva G.,2,6,6,,,,1,1,78%,63% (24/38),64% (7/11),33% (1/3),52% (17/33),52% (14/27),45% (5/11),9,63% (31/49),52% (31/60),57% (62/109),5,78% (7/9),56% (5/9),67% (12/18),"['2', '1', '4', '3', '6', '3']","['2', '0', '3', '1']",[],[],[],2.61
28.11.2023,Statham J. R.,0,3,3,,,,2,4,55%,48% (16/33),48% (13/27),55% (6/11),37% (14/38),36% (4/11),67% (2/3),5,48% (29/60),37% (18/49),43% (47/109),2,44% (4/9),22% (2/9),33% (6/18),"['3', '3']","['1', '2']",[],[],[],1.46
CHALLENGER MEN - SINGLES :  Montevideo (Uruguay) - Qualification,clay,header
13.11.2023,Villanueva G.,0,5,5,,,,0,5,65%,55% (35/64),43% (15/35),56% (9/16),38% (16/42),60% (21/35),56% (5/9),8,51% (50/99),48% (37/77),49% (87/176),2,42% (5/12),42% (5/12),42% (10/24),"['1', '1', '5', '5']","['1', '1', '4', '4', '5', '5']",[],[],[],2.57
13.11.2023,Rodriguez Taverna S.,2,7,7,,,,3,1,55%,62% (26/42),40% (14/35),44% (4/9),45% (29/64),57% (20/35),44% (7/16),7,52% (40/77),49% (49/99),51% (89/176),3,58% (7/12),58% (7/12),58% (14/24),"['1', '0', '3', '2', '6', '5']","['1', '0', '3', '2', '5', '4', '6', '5']",[],[],[],1.47
CHALLENGER MEN - SINGLES :  Lima 2 (Peru) - Qualification,clay,header
06.11.2023,Villanueva G.,1,3,7^10,4,,,2,2,68%,58% (42/73),65% (22/34),33% (2/6),24% (19/79),55% (22/40),50% (2/4),6,56% (75/134),36% (44/123),46% (119/257),2,67% (10/15),18% (3/17),41% (13/32),"['1', '0']","['3', '3']",[],[],[],3.12
06.11.2023,Luz O.,2,6,6^8,6,,,11,4,66%,76% (60/79),45% (18/40),50% (2/4),42% (31/73),35% (12/34),67% (4/6),10,64% (79/123),44% (59/134),54% (138/257),5,82% (14/17),33% (5/15),59% (19/32),"['2', '2', '4', '2']","['2', '1']","['6', '4']",[],[],1.34
CHALLENGER MEN - SINGLES :  Curitiba (Brazil) - Qualification,clay,header
23.10.2023,Villanueva G.,0,4,2,,,,0,6,53%,59% (20/34),37% (11/30),58% (7/12),25% (7/28),46% (11/24),67% (2/3),6,48% (31/64),35% (18/52),42% (49/116),4,44% (4/9),22% (2/9),33% (6/18),"['2', '1', '4', '1']",[],[],[],[],2.29
23.10.2023,Klier Junior G.,2,6,6,,,,1,2,54%,75% (21/28),54% (13/24),33% (1/3),41% (14/34),63% (19/30),42% (5/12),9,65% (34/52),52% (33/64),58% (67/116),6,78% (7/9),56% (5/9),67% (12/18),"['2', '4', '4', '4', '6', '4']","['3', '1', '6', '2']",[],[],[],1.58
22.10.2023,Villanueva G.,2,6,6,,,,0,0,76%,65% (22/34),55% (6/11),75% (3/4),52% (15/29),80% (16/20),67% (6/9),6,62% (28/45),63% (31/49),63% (59/94),9,86% (6/7),86% (6/7),86% (12/14),"['2', '0', '4', '2', '6', '2']","['2', '0', '4', '0', '6', '0']",[],[],[],1.02
22.10.2023,Santos Gava K. L.,0,2,0,,,,0,2,59%,48% (14/29),20% (4/20),33% (3/9),35% (12/34),45% (5/11),25% (1/4),5,37% (18/49),38% (17/45),37% (35/94),2,14% (1/7),14% (1/7),14% (2/14),"['2', '3']",[],[],[],[],11.50
CHALLENGER MEN - SINGLES :  Santa Fe 2 (Argentina) - Qualification,clay,header
16.10.2023,Villanueva G.,0,1,4,,,,1,4,73%,56% (29/52),37% (7/19),71% (10/14),17% (6/35),54% (13/24),25% (1/4),8,51% (36/71),32% (19/59),42% (55/130),2,50% (4/8),11% (1/9),29% (5/17),[],"['3', '5']",[],[],[],3.00
16.10.2023,Taberner C.,2,6,6,,,,6,3,59%,83% (29/35),46% (11/24),75% (3/4),44% (23/52),63% (12/19),29% (4/14),8,68% (40/59),49% (35/71),58% (75/130),3,89% (8/9),50% (4/8),71% (12/17),"['2', '0', '5', '1']","['2', '1', '5', '2']",[],[],[],1.36
15.10.2023,Villanueva G.,2,6,4,6,,,2,2,73%,73% (48/66),38% (9/24),75% (6/8),41% (26/63),45% (14/31),29% (4/14),6,64% (57/89),43% (40/94),53% (97/183),3,86% (12/14),29% (4/14),57% (16/28),"['3', '2', '6', '3']","['4', '4']","['4', '2']",[],[],2.26
15.10.2023,Guillen Meza A.,1,3,6,3,,,1,2,67%,59% (37/63),55% (17/31),71% (10/14),27% (18/66),63% (15/24),25% (2/8),8,57% (54/94),36% (32/89),47% (86/183),3,71% (10/14),14% (2/14),43% (12/28),[],"['2', '1', '5', '4']",[],[],[],1.60
CHALLENGER MEN - SINGLES :  Buenos Aires 2 (Argentina),clay,header
12.10.2023,Villanueva G.,0,6^2,2,,,,1,2,68%,58% (29/50),46% (11/24),43% (3/7),29% (13/45),52% (13/25),25% (2/8),5,54% (40/74),37% (26/70),46% (66/144),2,60% (6/10),20% (2/10),40% (8/20),"['3', '2', '5', '4']",[],[],[],[],3.87
12.10.2023,Agamenone F.,2,7^7,6,,,,7,2,64%,71% (32/45),48% (12/25),75% (6/8),42% (21/50),54% (13/24),57% (4/7),8,63% (44/70),46% (34/74),54% (78/144),5,80% (8/10),40% (4/10),60% (12/20),"['3', '3', '5', '5']","['2', '1', '4', '1']",[],[],[],1.23
10.10.2023,Villanueva G.,2,2,6,6,,,0,4,76%,52% (40/77),54% (13/24),67% (10/15),37% (18/49),76% (25/33),54% (7/13),10,52% (53/101),52% (43/82),52% (96/183),4,58% (7/12),54% (7/13),56% (14/25),"['2', '5']","['1', '0', '3', '0', '5', '2']","['2', '1', '5', '2', '6', '3']",[],[],3.38
10.10.2023,Torres J. B.,1,6,2,3,,,3,3,60%,63% (31/49),24% (8/33),46% (6/13),48% (37/77),46% (11/24),33% (5/15),6,48% (39/82),48% (48/101),48% (87/183),4,46% (6/13),42% (5/12),44% (11/25),"['3', '1', '5', '1', '6', '2']","['2', '4']","['3', '5']",[],[],1.31
CHALLENGER MEN - SINGLES :  Buenos Aires 2 (Argentina) - Qualification,clay,header
09.10.2023,Villanueva G.,2,6,6,,,,0,0,82%,56% (28/50),64% (7/11),56% (5/9),43% (23/53),68% (17/25),43% (6/14),6,57% (35/61),51% (40/78),54% (75/139),5,60% (6/10),67% (6/9),63% (12/19),"['1', '1', '3', '3', '4', '4', '6', '4']","['3', '3', '5', '3']",[],[],[],2.20
09.10.2023,Barrena A.,0,4,3,,,,1,3,68%,57% (30/53),32% (8/25),57% (8/14),44% (22/50),36% (4/11),44% (4/9),6,49% (38/78),43% (26/61),46% (64/139),2,33% (3/9),40% (4/10),37% (7/19),"['1', '0', '3', '2', '4', '3']","['1', '0']",[],[],[],1.63
08.10.2023,Villanueva G.,2,6,6,,,,0,2,66%,77% (27/35),50% (9/18),0% (0/1),57% (24/42),38% (6/16),50% (4/8),6,68% (36/53),52% (30/58),59% (66/111),3,89% (8/9),44% (4/9),67% (12/18),"['1', '0', '4', '1']","['1', '0', '4', '1']",[],[],[],2.29
08.10.2023,Mejia N.,0,4,2,,,,0,1,72%,43% (18/42),63% (10/16),50% (4/8),23% (8/35),50% (9/18),100% (1/1),6,48% (28/58),32% (17/53),41% (45/111),3,56% (5/9),11% (1/9),33% (6/18),"['3', '5']",[],[],[],[],1.58
ITF MEN - SINGLES :  M25 Mendoza (Argentina),clay,header
ITF MEN - SINGLES :  M25 Lujan (Argentina),clay,header
CHALLENGER MEN - SINGLES :  Santa Cruz (Bolivia),clay,header
14.09.2023,Villanueva G.,1,4,6,1,,,1,1,67%,63% (40/64),39% (12/31),58% (7/12),32% (18/57),54% (13/24),50% (3/6),8,55% (52/95),38% (31/81),47% (83/176),5,62% (8/13),23% (3/13),42% (11/26),"['2', '2']","['2', '2', '4', '2']",[],[],[],3.63
14.09.2023,Olivieri G. A.,2,6,3,6,,,1,2,70%,68% (39/57),46% (11/24),50% (3/6),38% (24/64),61% (19/31),42% (5/12),6,62% (50/81),45% (43/95),53% (93/176),3,77% (10/13),38% (5/13),58% (15/26),"['1', '0', '3', '2']","['1', '0']","['2', '0', '5', '1']",[],[],1.26
13.09.2023,Villanueva G.,2,7^7,6,,,,1,2,72%,69% (37/54),57% (12/21),75% (3/4),41% (22/54),47% (9/19),50% (3/6),7,65% (49/75),42% (31/73),54% (80/148),4,90% (9/10),30% (3/10),60% (12/20),"['2', '1']","['4', '2', '6', '2']",[],[],[],1.72
13.09.2023,Pereira J.,0,6^4,2,,,,3,2,74%,59% (32/54),53% (10/19),50% (3/6),31% (17/54),43% (9/21),25% (1/4),6,58% (42/73),35% (26/75),46% (68/148),3,70% (7/10),10% (1/10),40% (8/20),"['4', '4']",[],[],[],[],2.04
CHALLENGER MEN - SINGLES :  Santa Cruz (Bolivia) - Qualification,clay,header
11.09.2023,Villanueva G.,2,6,6,,,,0,3,64%,71% (27/38),52% (11/21),88% (7/8),39% (11/28),65% (20/31),83% (5/6),8,64% (38/59),53% (31/59),58% (69/118),5,88% (7/8),56% (5/9),71% (12/17),"['2', '1', '4', '1']","['1', '2', '4', '3', '6', '3']",[],[],[],1.19
11.09.2023,Panta J.,0,2,3,,,,2,1,47%,61% (17/28),35% (11/31),17% (1/6),29% (11/38),48% (10/21),13% (1/8),4,47% (28/59),36% (21/59),42% (49/118),2,44% (4/9),13% (1/8),29% (5/17),[],"['2', '0']",[],[],[],4.36
10.09.2023,Villanueva G.,2,6,7^7,,,,0,3,68%,85% (35/41),63% (12/19),0% (0/0),31% (13/42),48% (15/31),25% (1/4),6,78% (47/60),38% (28/73),56% (75/133),3,100% (11/11),10% (1/10),57% (12/21),"['4', '2']",[],[],[],[],1.21
10.09.2023,Arias B.,0,3,6^1,,,,3,4,58%,69% (29/42),52% (16/31),75% (3/4),15% (6/41),37% (7/19),0% (0/0),6,62% (45/73),22% (13/60),44% (58/133),1,90% (9/10),0% (0/11),43% (9/21),[],[],[],[],[],4.21
ITF MEN - SINGLES :  M15 Buenos Aires (Argentina),clay,header
01.09.2023,Villanueva G.,0,3,1,,,,-,-,-,-,-,-,-,-,-,-,-,-,-,-,-,-,-,-,-,-,[],[],[],[],[],2.63
01.09.2023,Klier Junior G.,2,6,6,,,,-,-,-,-,-,-,-,-,-,-,-,-,-,-,-,-,-,-,-,-,[],[],[],[],[],1.44
31.08.2023,Villanueva G.,2,7,6,,,,-,-,-,-,-,-,-,-,-,-,-,-,-,-,-,-,-,-,-,-,[],[],[],[],[],1.03
31.08.2023,Leal V.,0,5,2,,,,-,-,-,-,-,-,-,-,-,-,-,-,-,-,-,-,-,-,-,-,[],[],[],[],[],9.50
29.08.2023,Villanueva G.,2,6,7,,,,-,-,-,-,-,-,-,-,-,-,-,-,-,-,-,-,-,-,-,-,[],[],[],[],[],1.33
29.08.2023,Barreiros Reyes M.,0,4,5,,,,-,-,-,-,-,-,-,-,-,-,-,-,-,-,-,-,-,-,-,-,[],[],[],[],[],3.10
CHALLENGER MEN - SINGLES :  Lima (Peru),clay,header
23.08.2023,Villanueva G.,1,6,3,4,,,1,0,61%,60% (26/43),63% (17/27),20% (1/5),37% (21/57),62% (16/26),67% (4/6),12,61% (43/70),45% (37/83),52% (80/153),7,69% (9/13),33% (4/12),52% (13/25),"['2', '0', '4', '0', '6', '0']",[],"['2', '1']",[],[],2.78
23.08.2023,Olivo R.,2,0,6,6,,,2,1,69%,63% (36/57),38% (10/26),33% (2/6),40% (17/43),37% (10/27),80% (4/5),5,55% (46/83),39% (27/70),48% (73/153),3,67% (8/12),31% (4/13),48% (12/25),[],"['3', '2', '6', '3']","['3', '3', '6', '4']",[],[],1.41
22.08.2023,Villanueva G.,2,6,1,7,,,0,2,72%,58% (45/77),40% (12/30),60% (9/15),43% (26/61),60% (18/30),55% (6/11),5,53% (57/107),48% (44/91),51% (101/198),2,57% (8/14),43% (6/14),50% (14/28),"['2', '0', '4', '2', '5', '3']",[],"['2', '0', '3', '3', '7', '5']",[],[],1.64
22.08.2023,Prado Angelo J. C.,1,3,6,5,,,0,2,67%,57% (35/61),40% (12/30),45% (5/11),43% (33/77),60% (18/30),40% (6/15),6,52% (47/91),47% (50/107),49% (97/198),5,57% (8/14),43% (6/14),50% (14/28),"['1', '2', '3', '4']","['2', '0', '4', '0']","['1', '2', '3', '2']",[],[],2.19
ITF MEN - SINGLES :  M25 Trujillo (Peru),clay,header
CHALLENGER MEN - SINGLES :  Cordenons (Italy),clay,header
08.08.2023,Villanueva G.,1,6,3,6^2,,,2,0,71%,71% (44/62),76% (19/25),78% (7/9),24% (13/55),41% (14/34),50% (2/4),7,72% (63/87),30% (27/89),51% (90/176),4,87% (13/15),14% (2/14),52% (15/29),"['4', '2', '6', '2']",[],[],[],[],2.54
08.08.2023,Gomez F. A.,2,2,6,7^7,,,6,3,62%,76% (42/55),59% (20/34),50% (2/4),29% (18/62),24% (6/25),22% (2/9),7,70% (62/89),28% (24/87),49% (86/176),3,86% (12/14),13% (2/15),48% (14/29),[],"['1', '0', '6', '3']",[],[],[],1.48
CHALLENGER MEN - SINGLES :  Cordenons (Italy) - Qualification,clay,header
07.08.2023,Villanueva G.,2,6,6,,,,1,1,70%,69% (24/35),40% (6/15),60% (3/5),45% (13/29),94% (15/16),55% (6/11),6,60% (30/50),62% (28/45),61% (58/95),6,75% (6/8),86% (6/7),80% (12/15),"['2', '0', '4', '2', '6', '2']","['2', '0', '3', '1', '5', '1']",[],[],[],3.37
07.08.2023,Serafini M.,0,2,1,,,,1,1,64%,55% (16/29),6% (1/16),45% (5/11),31% (11/35),60% (9/15),40% (2/5),5,38% (17/45),40% (20/50),39% (37/95),2,14% (1/7),25% (2/8),20% (3/15),"['1', '2']","['1', '2']",[],[],[],1.30
06.08.2023,Villanueva G.,2,6,6,,,,0,1,69%,96% (24/25),73% (8/11),0% (0/0),57% (13/23),46% (12/26),40% (4/10),7,89% (32/36),51% (25/49),67% (57/85),5,100% (8/8),57% (4/7),80% (12/15),"['2', '0', '4', '0']","['1', '0', '5', '2']",[],[],[],1.03
06.08.2023,Massacri B.,0,1,2,,,,0,3,47%,43% (10/23),54% (14/26),60% (6/10),4% (1/25),27% (3/11),0% (0/0),3,49% (24/49),11% (4/36),33% (28/85),1,43% (3/7),0% (0/8),20% (3/15),[],[],[],[],[],10.30
CHALLENGER MEN - SINGLES :  San Marino (San Marino) - Qualification,clay,header
30.07.2023,Villanueva G.,0,0,1,,,,0,4,40%,42% (5/12),22% (4/18),29% (2/7),31% (8/26),30% (6/20),0% (0/4),3,30% (9/30),30% (14/46),30% (23/76),1,17% (1/6),0% (0/7),8% (1/13),[],[],[],[],[],2.06
30.07.2023,Dutra Da Silva D.,2,6,6,,,,6,1,57%,69% (18/26),70% (14/20),100% (4/4),58% (7/12),78% (14/18),71% (5/7),11,70% (32/46),70% (21/30),70% (53/76),11,100% (7/7),83% (5/6),92% (12/13),"['2', '0', '4', '0', '6', '0']","['2', '0', '4', '0']",[],[],[],1.70
CHALLENGER MEN - SINGLES :  Verona (Italy) - Qualification,clay,header
24.07.2023,Villanueva G.,1,7^7,4,4,,,2,0,67%,58% (44/76),46% (17/37),45% (5/11),25% (14/56),52% (25/48),33% (4/12),4,54% (61/113),38% (39/104),46% (100/217),3,63% (10/16),25% (4/16),44% (14/32),"['2', '2', '5', '5']","['2', '1']","['1', '0']",[],[],6.66
24.07.2023,Napolitano S.,2,6^5,6,6,,,10,0,54%,75% (42/56),48% (23/48),67% (8/12),42% (32/76),54% (20/37),55% (6/11),9,63% (65/104),46% (52/113),54% (117/217),4,75% (12/16),38% (6/16),56% (18/32),"['2', '1', '5', '4']","['3', '3', '6', '4']","['4', '4', '6', '4']",[],[],1.09
23.07.2023,Villanueva G.,2,7^7,3,6,,,1,2,76%,61% (57/93),63% (19/30),79% (11/14),31% (21/68),54% (22/41),43% (3/7),7,62% (76/123),39% (43/109),51% (119/232),2,80% (12/15),19% (3/16),48% (15/31),"['2', '0', '3', '3']",[],"['6', '4']",[],[],4.18
23.07.2023,Weis A.,1,6^4,6,4,,,7,9,62%,69% (47/68),46% (19/41),57% (4/7),39% (36/93),37% (11/30),21% (3/14),6,61% (66/109),38% (47/123),49% (113/232),3,81% (13/16),20% (3/15),52% (16/31),"['1', '2', '3', '2']","['5', '3']",[],[],[],1.20
CHALLENGER MEN - SINGLES :  Trieste (Italy),clay,header
18.07.2023,Villanueva G.,0,2,6^3,,,,1,0,67%,61% (27/44),55% (12/22),67% (6/9),18% (7/39),33% (6/18),25% (1/4),6,59% (39/66),23% (13/57),42% (52/123),3,70% (7/10),10% (1/10),40% (8/20),[],"['4', '4']",[],[],[],8.30
18.07.2023,Marozsan F.,2,6,7^7,,,,7,0,68%,82% (32/39),67% (12/18),75% (3/4),39% (17/44),45% (10/22),33% (3/9),7,77% (44/57),41% (27/66),58% (71/123),3,90% (9/10),30% (3/10),60% (12/20),"['1', '0', '4', '1']","['1', '0']",[],[],[],1.06
CHALLENGER MEN - SINGLES :  Trieste (Italy) - Qualification,clay,header
17.07.2023,Villanueva G.,1,7^7,2,3,,,3,1,78%,62% (46/74),43% (9/21),38% (3/8),27% (17/62),43% (15/35),67% (2/3),5,58% (55/95),33% (32/97),45% (87/192),2,64% (9/14),13% (2/15),38% (11/29),"['2', '2']",[],"['1', '0']",[],[],7.35
17.07.2023,Napolitano S.,2,6^5,6,6,,,9,2,64%,73% (45/62),57% (20/35),33% (1/3),38% (28/74),57% (12/21),63% (5/8),8,67% (65/97),42% (40/95),55% (105/192),5,87% (13/15),36% (5/14),62% (18/29),"['2', '1']","['2', '0', '6', '2']","['3', '3', '5', '3']",[],[],1.07
16.07.2023,Villanueva G.,2,6,3,6,,,0,3,73%,70% (39/56),43% (9/21),40% (2/5),40% (18/45),54% (14/26),45% (5/11),6,62% (48/77),45% (32/71),54% (80/148),6,77% (10/13),42% (5/12),60% (15/25),"['2', '0']","['3', '4']","['1', '1', '3', '1', '5', '1']",[],[],1.47
16.07.2023,Jecan M. A.,1,3,6,1,,,3,0,63%,60% (27/45),46% (12/26),55% (6/11),30% (17/56),57% (12/21),60% (3/5),10,55% (39/71),38% (29/77),46% (68/148),3,58% (7/12),23% (3/13),40% (10/25),[],"['3', '1', '5', '3']","['1', '0']",[],[],2.57
CHALLENGER MEN - SINGLES :  San Benedetto (Italy) - Qualification,clay,header
09.07.2023,Villanueva G.,0,3,5,,,,0,1,59%,64% (23/36),48% (12/25),50% (3/6),17% (7/42),60% (12/20),50% (1/2),4,57% (35/61),31% (19/62),44% (54/123),2,70% (7/10),9% (1/11),38% (8/21),[],"['5', '5']",[],[],[],1.66
09.07.2023,Castagnola L.,2,6,7,,,,1,3,68%,83% (35/42),40% (8/20),50% (1/2),36% (13/36),52% (13/25),50% (3/6),6,69% (43/62),43% (26/61),56% (69/123),3,91% (10/11),30% (3/10),62% (13/21),"['5', '3']","['2', '1', '6', '5']",[],[],[],2.15
CHALLENGER MEN - SINGLES :  Troyes (France) - Qualification,clay,header
02.07.2023,Villanueva G.,0,0,4,,,,0,2,53%,52% (13/25),36% (8/22),29% (2/7),27% (9/33),48% (10/21),50% (1/2),6,45% (21/47),35% (18/52),39% (39/99),2,38% (3/8),13% (1/8),25% (4/16),[],"['4', '5']",[],[],[],2.39
02.07.2023,Aboian V.,2,6,6,,,,1,1,61%,73% (24/33),52% (11/21),50% (1/2),48% (12/25),64% (14/22),71% (5/7),10,65% (34/52),55% (26/47),61% (60/99),7,88% (7/8),63% (5/8),75% (12/16),"['2', '0', '4', '0', '6', '0']","['4', '2', '6', '4']",[],[],[],1.54
ITF MEN - SINGLES :  M15 Bergamo (Italy),clay,header
27.06.2023,Villanueva G.,0,1,4,,,,-,-,-,-,-,-,-,-,-,-,-,-,-,-,-,-,-,-,-,-,[],"['1', '3', '3', '3']",[],[],[],1.56
27.06.2023,Pieri S.,2,6,6,,,,-,-,-,-,-,-,-,-,-,-,-,-,-,-,-,-,-,-,-,-,"['2', '0', '4', '0']","['1', '0', '3', '0', '5', '4']",[],[],[],2.31
CHALLENGER MEN - SINGLES :  Parma (Italy) - Qualification,clay,header
18.06.2023,Villanueva G.,0,3,4,,,,1,0,72%,60% (30/50),47% (9/19),57% (4/7),23% (7/31),32% (6/19),0% (0/3),5,57% (39/69),26% (13/50),44% (52/119),1,70% (7/10),0% (0/9),37% (7/19),[],[],[],[],[],2.91
18.06.2023,Janvier M.,2,6,6,,,,3,3,62%,77% (24/31),68% (13/19),100% (3/3),40% (20/50),53% (10/19),43% (3/7),7,74% (37/50),43% (30/69),56% (67/119),3,100% (9/9),30% (3/10),63% (12/19),"['2', '1', '6', '3']","['6', '4']",[],[],[],1.38
CHALLENGER MEN - SINGLES :  Perugia (Italy) - Qualification,clay,header
11.06.2023,Villanueva G.,1,6,5,3,,,4,1,64%,77% (47/61),34% (12/35),63% (5/8),18% (10/55),44% (12/27),100% (2/2),5,61% (59/96),27% (22/82),46% (81/178),3,80% (12/15),13% (2/16),45% (14/31),"['2', '1']","['3', '4']",[],[],[],4.55
11.06.2023,Serdarusic N.,2,4,7,6,,,7,1,67%,82% (45/55),56% (15/27),0% (0/2),23% (14/61),66% (23/35),38% (3/8),7,73% (60/82),39% (37/96),54% (97/178),5,88% (14/16),20% (3/15),55% (17/31),[],"['2', '0', '7', '5']","['2', '0']",[],[],1.18
ITF MEN - SINGLES :  M25 Kursumlijska Banja 3 (Serbia),clay,header
ITF MEN - SINGLES :  M25 Kiseljak (Bosnia and Herzegovina),clay,header
CHALLENGER MEN - SINGLES :  Skopje (North Macedonia) - Qualification,clay,header
21.05.2023,Villanueva G.,0,2,2,,,,0,2,67%,45% (14/31),47% (7/15),43% (3/7),16% (4/25),35% (7/20),0% (0/1),5,46% (21/46),24% (11/45),35% (32/91),1,50% (4/8),0% (0/8),25% (4/16),[],[],[],[],[],4.44
21.05.2023,Bourgue M.,2,6,6,,,,6,0,56%,84% (21/25),65% (13/20),100% (1/1),55% (17/31),53% (8/15),57% (4/7),11,76% (34/45),54% (25/46),65% (59/91),7,100% (8/8),50% (4/8),75% (12/16),"['4', '2', '6', '2']","['2', '0', '6', '2']",[],[],[],1.18
CHALLENGER MEN - SINGLES :  Coquimbo (Chile),clay,header
01.05.2023,Villanueva G.,0,3,4,,,,0,2,60%,47% (17/36),58% (14/24),64% (7/11),29% (10/34),33% (7/21),67% (2/3),6,52% (31/60),31% (17/55),42% (48/115),2,56% (5/9),20% (2/10),37% (7/19),[],"['1', '1', '3', '3']",[],[],[],3.20
01.05.2023,Dellien Velasco M. A.,2,6,6,,,,3,2,62%,71% (24/34),67% (14/21),33% (1/3),53% (19/36),42% (10/24),36% (4/11),7,69% (38/55),48% (29/60),58% (67/115),3,80% (8/10),44% (4/9),63% (12/19),"['4', '2']","['1', '0', '3', '2', '4', '3']",[],[],[],1.32
CHALLENGER MEN - SINGLES :  Buenos Aires (Argentina),clay,header
28.04.2023,Villanueva G.,0,2,1,,,,0,3,60%,61% (17/28),21% (4/19),38% (3/8),23% (9/40),83% (5/6),0% (0/3),3,45% (21/47),30% (14/46),38% (35/93),1,38% (3/8),0% (0/7),20% (3/15),[],[],[],[],[],3.90
28.04.2023,Collarini A.,2,6,6,,,,0,4,87%,78% (31/40),17% (1/6),100% (3/3),39% (11/28),79% (15/19),63% (5/8),8,70% (32/46),55% (26/47),62% (58/93),7,100% (7/7),63% (5/8),80% (12/15),"['1', '0', '5', '2']","['1', '0', '3', '0', '6', '1']",[],[],[],1.24
26.04.2023,Villanueva G.,2,7,1,7,,,2,1,69%,63% (50/80),47% (17/36),72% (13/18),32% (18/57),52% (13/25),57% (4/7),8,58% (67/116),38% (31/82),49% (98/198),4,69% (11/16),27% (4/15),48% (15/31),"['5', '5', '7', '5']",[],"['4', '5', '6', '5']",[],[],3.12
26.04.2023,Hardt N.,1,5,6,5,,,3,5,70%,68% (39/57),48% (12/25),43% (3/7),38% (30/80),53% (19/36),28% (5/18),7,62% (51/82),42% (49/116),51% (100/198),5,73% (11/15),31% (5/16),52% (16/31),"['5', '4']","['1', '0', '4', '1', '6', '1']","['5', '3']",[],[],1.34
24.04.2023,Villanueva G.,2,7^8,7^7,,,,2,0,76%,66% (43/65),48% (10/21),60% (3/5),38% (21/56),47% (14/30),40% (2/5),8,62% (53/86),41% (35/86),51% (88/172),3,83% (10/12),17% (2/12),50% (12/24),"['2', '0']","['2', '3']",[],[],[],1.81
24.04.2023,Lama G.,0,6^6,6^2,,,,4,1,65%,63% (35/56),53% (16/30),60% (3/5),34% (22/65),52% (11/21),40% (2/5),12,59% (51/86),38% (33/86),49% (84/172),3,83% (10/12),17% (2/12),50% (12/24),"['3', '4']","['2', '0']",[],[],[],1.92
CHALLENGER MEN - SINGLES :  Florianopolis (Brazil),clay,header
19.04.2023,Villanueva G.,1,3,7^7,2,,,1,1,67%,63% (35/56),46% (13/28),17% (1/6),33% (24/73),38% (10/26),20% (2/10),5,57% (47/83),34% (31/92),45% (78/175),2,64% (9/14),13% (2/15),38% (11/29),[],"['5', '5']","['2', '3']",[],[],1.83
19.04.2023,Justo G. I.,2,6,6^2,6,,,1,2,74%,67% (49/73),62% (16/26),80% (8/10),38% (21/56),54% (15/28),83% (5/6),6,66% (61/92),43% (36/83),55% (97/175),3,87% (13/15),36% (5/14),62% (18/29),"['4', '2']","['5', '4']","['2', '0', '4', '2', '6', '2']",[],[],1.90
CHALLENGER MEN - SINGLES :  Vina Del Mar (Chile),clay,header
14.03.2023,Villanueva G.,0,0,2,,,,1,1,55%,48% (13/27),32% (7/22),29% (2/7),20% (6/30),47% (8/17),0% (0/4),4,41% (20/49),30% (14/47),35% (34/96),1,29% (2/7),0% (0/7),14% (2/14),[],[],[],[],[],3.20
14.03.2023,Pellegrino A.,2,6,6,,,,2,2,64%,80% (24/30),53% (9/17),100% (4/4),52% (14/27),68% (15/22),71% (5/7),9,70% (33/47),59% (29/49),65% (62/96),8,100% (7/7),71% (5/7),86% (12/14),"['1', '0', '3', '0', '5', '0']","['1', '0', '4', '1']",[],[],[],1.32
CHALLENGER MEN - SINGLES :  Vina Del Mar (Chile) - Qualification,clay,header
13.03.2023,Villanueva G.,0,3,3,,,,0,0,73%,45% (20/44),56% (9/16),55% (6/11),33% (18/54),61% (23/38),13% (2/15),5,48% (29/60),45% (41/92),46% (70/152),3,44% (4/9),22% (2/9),33% (6/18),"['2', '5']","['3', '3']",[],[],[],1.50
13.03.2023,Leite W.,2,6,6,,,,0,2,59%,67% (36/54),39% (15/38),87% (13/15),55% (24/44),44% (7/16),45% (5/11),6,55% (51/92),52% (31/60),54% (82/152),5,78% (7/9),56% (5/9),67% (12/18),"['2', '0', '4', '0']","['3', '2', '4', '3', '6', '3']",[],[],[],2.49
12.03.2023,Villanueva G.,2,6^8,6,6,,,0,4,64%,65% (40/62),40% (14/35),50% (5/10),38% (20/52),57% (31/54),67% (8/12),5,55% (54/98),49% (52/106),52% (106/204),6,67% (10/15),53% (8/15),60% (18/30),"['2', '0', '4', '4']","['3', '2', '4', '3', '5', '4']","['1', '0', '3', '0', '5', '2']",[],[],1.50
12.03.2023,Artnak B.,1,7^10,4,2,,,4,5,49%,62% (32/52),43% (23/54),33% (4/12),35% (22/62),60% (21/35),50% (5/10),7,51% (54/106),45% (44/98),48% (98/204),4,47% (7/15),33% (5/15),40% (12/30),"['2', '3', '4', '3']","['3', '3', '4', '4']","['2', '4']",[],[],2.49
CHALLENGER MEN - SINGLES :  Santiago (Chile),clay,header
08.03.2023,Villanueva G.,0,0,1,,,,0,1,52%,50% (8/16),13% (2/15),0% (0/5),23% (8/35),40% (2/5),0% (0/3),4,32% (10/31),25% (10/40),28% (20/71),1,17% (1/6),0% (0/7),8% (1/13),[],[],[],[],[],2.32
08.03.2023,Casanova H.,2,6,6,,,,0,0,88%,77% (27/35),60% (3/5),100% (3/3),50% (8/16),87% (13/15),100% (5/5),13,75% (30/40),68% (21/31),72% (51/71),9,100% (7/7),83% (5/6),92% (12/13),"['2', '0', '4', '0', '6', '0']","['2', '0', '5', '1']",[],[],[],1.57
CHALLENGER MEN - SINGLES :  Santiago (Chile) - Qualification,clay,header
06.03.2023,Villanueva G.,0,4,4,,,,0,2,61%,69% (25/36),35% (8/23),43% (3/7),18% (7/38),63% (15/24),67% (2/3),10,56% (33/59),35% (22/62),45% (55/121),3,60% (6/10),20% (2/10),40% (8/20),"['2', '3', '4', '5']",[],[],[],[],2.54
06.03.2023,Gaio F.,2,6,6,,,,5,2,61%,82% (31/38),38% (9/24),33% (1/3),31% (11/36),65% (15/23),57% (4/7),8,65% (40/62),44% (26/59),55% (66/121),3,80% (8/10),40% (4/10),60% (12/20),"['2', '0', '5', '3', '6', '4']","['6', '4']",[],[],[],1.48
05.03.2023,Villanueva G.,2,6,6,,,,0,1,93%,68% (26/38),0% (0/3),67% (2/3),60% (18/30),68% (17/25),50% (6/12),9,63% (26/41),64% (35/55),64% (61/96),11,86% (6/7),86% (6/7),86% (12/14),"['1', '0', '3', '2', '5', '2']","['1', '0', '3', '0', '5', '0']",[],[],[],1.06
05.03.2023,Becerra Otarola I. A.,0,2,0,,,,2,4,55%,40% (12/30),32% (8/25),50% (6/12),32% (12/38),100% (3/3),33% (1/3),6,36% (20/55),37% (15/41),36% (35/96),2,14% (1/7),14% (1/7),14% (2/14),"['1', '1']",[],[],[],[],8.20
ATP - SINGLES :  Acapulco (Mexico) - Qualification,hard,header
26.02.2023,Villanueva G.,0,3,2,,,,1,10,51%,65% (17/26),32% (8/25),33% (2/6),23% (7/30),33% (5/15),100% (1/1),1,10,0% (0/0),4,49% (25/51),27% (12/45),39% (37/96),2,50% (4/8),11% (1/9),29% (5/17),"['3', '4']",[],[],[],[],2.02
26.02.2023,Statham J. R.,2,6,6,,,,2,1,67%,77% (23/30),67% (10/15),0% (0/1),35% (9/26),68% (17/25),67% (4/6),2,1,0% (0/0),6,73% (33/45),51% (26/51),61% (59/96),6,89% (8/9),50% (4/8),71% (12/17),"['2', '0', '5', '3']","['1', '0', '3', '0']",[],[],[],1.73
ITF MEN - SINGLES :  M25 Santo Domingo 2 (Dominican Republic),hard,header
ITF MEN - SINGLES :  M25 Santo Domingo (Dominican Republic),hard,header
CHALLENGER MEN - SINGLES :  Concepcion (Chile) - Qualification,clay,header
23.01.2023,Villanueva G.,0,3,6^5,,,,2,4,46%,66% (23/35),59% (24/41),75% (6/8),23% (9/40),42% (14/33),25% (1/4),5,62% (47/76),32% (23/73),47% (70/149),2,80% (8/10),9% (1/11),43% (9/21),[],"['3', '3']",[],[],[],2.19
23.01.2023,Seyboth Wild T.,2,6,7^7,,,,8,3,55%,78% (31/40),58% (19/33),75% (3/4),34% (12/35),41% (17/41),25% (2/8),7,68% (50/73),38% (29/76),53% (79/149),3,91% (10/11),20% (2/10),57% (12/21),"['2', '0']","['3', '2']",[],[],[],1.63
CHALLENGER MEN - SINGLES :  Piracicaba (Brazil) - Qualification,clay,header
16.01.2023,Villanueva G.,0,4,4,,,,2,2,57%,63% (22/35),50% (13/26),50% (3/6),36% (20/56),42% (10/24),20% (1/5),6,57% (35/61),38% (30/80),46% (65/141),2,70% (7/10),10% (1/10),40% (8/20),"['2', '4']",[],[],[],[],2.17
16.01.2023,Lavagno E.,2,6,6,,,,5,2,70%,64% (36/56),58% (14/24),80% (4/5),37% (13/35),50% (13/26),50% (3/6),6,63% (50/80),43% (26/61),54% (76/141),4,90% (9/10),30% (3/10),60% (12/20),"['2', '1', '4', '1']","['3', '2']",[],[],[],1.65
15.01.2023,Villanueva G.,2,6,6,,,,0,2,71%,53% (16/30),58% (7/12),67% (4/6),74% (14/19),88% (14/16),100% (7/7),8,55% (23/42),80% (28/35),66% (51/77),7,71% (5/7),100% (7/7),86% (12/14),"['2', '0', '3', '1', '5', '1', '6', '2']","['2', '0', '4', '0', '6', '0']",[],[],[],1.01
15.01.2023,Cury Bueres M.,0,2,0,,,,0,5,54%,26% (5/19),13% (2/16),0% (0/7),47% (14/30),42% (5/12),33% (2/6),4,20% (7/35),45% (19/42),34% (26/77),1,0% (0/7),29% (2/7),14% (2/14),"['1', '2', '2', '5']",[],[],[],[],13.00
CHALLENGER MEN - SINGLES :  Tigre 2 (Argentina),clay,header
13.01.2023,Villanueva G.,0,2,6^0,,,,0,4,53%,48% (20/42),61% (23/38),75% (6/8),13% (4/30),30% (8/27),0% (0/1),4,54% (43/80),21% (12/57),40% (55/137),1,80% (8/10),0% (0/10),40% (8/20),[],[],[],[],[],3.72
13.01.2023,De Jong J.,2,6,7^7,,,,5,0,53%,87% (26/30),70% (19/27),100% (1/1),52% (22/42),39% (15/38),25% (2/8),10,79% (45/57),46% (37/80),60% (82/137),5,100% (10/10),20% (2/10),60% (12/20),"['4', '2', '6', '2']",[],[],[],[],1.26
12.01.2023,Villanueva G.,2,6,6,,,,0,3,65%,70% (28/40),59% (13/22),86% (6/7),37% (13/35),63% (12/19),57% (4/7),7,66% (41/62),46% (25/54),57% (66/116),3,89% (8/9),44% (4/9),67% (12/18),"['1', '0', '3', '2']","['1', '0', '4', '1']",[],[],[],2.11
12.01.2023,Sanchez Jover C.,0,4,2,,,,0,0,65%,63% (22/35),37% (7/19),43% (3/7),30% (12/40),41% (9/22),14% (1/7),7,54% (29/54),34% (21/62),43% (50/116),2,56% (5/9),11% (1/9),33% (6/18),"['2', '2']",[],[],[],[],1.69
10.01.2023,Villanueva G.,2,6,2,6,,,1,4,66%,59% (29/49),48% (12/25),60% (6/10),47% (29/62),59% (19/32),44% (7/16),7,55% (41/74),51% (48/94),53% (89/168),6,64% (7/11),58% (7/12),61% (14/23),"['2', '1', '4', '1', '6', '1']","['2', '4']","['1', '1', '4', '2', '6', '2']",[],[],1.67
10.01.2023,Zhu E.,1,1,6,2,,,4,3,66%,53% (33/62),41% (13/32),56% (9/16),41% (20/49),52% (13/25),40% (4/10),6,49% (46/94),45% (33/74),47% (79/168),3,42% (5/12),36% (4/11),39% (9/23),[],"['1', '0', '4', '1', '5', '2']","['1', '0']",[],[],2.13
CHALLENGER MEN - SINGLES :  Tigre (Argentina),clay,header
07.01.2023,Villanueva G.,0,4,0,,,,0,4,60%,55% (18/33),32% (7/22),58% (7/12),21% (6/29),56% (9/16),100% (1/1),4,45% (25/55),33% (15/45),40% (40/100),2,38% (3/8),13% (1/8),25% (4/16),"['4', '3']",[],[],[],[],2.09
07.01.2023,Dellien Velasco M. A.,2,6,6,,,,2,3,64%,79% (23/29),44% (7/16),0% (0/1),45% (15/33),68% (15/22),42% (5/12),7,67% (30/45),55% (30/55),60% (60/100),9,88% (7/8),63% (5/8),75% (12/16),"['4', '4', '6', '4']","['2', '0', '4', '0', '6', '0']",[],[],[],1.70
06.01.2023,Villanueva G.,2,7,6^5,6,,,1,6,70%,57% (49/86),30% (11/37),40% (6/15),46% (26/57),68% (32/47),79% (11/14),6,49% (60/123),56% (58/104),52% (118/227),3,47% (8/17),65% (11/17),56% (19/34),"['3', '4', '5', '4', '6', '5']","['1', '2', '3', '2', '4', '3', '6', '5']","['2', '2', '3', '3', '5', '3', '6', '4']",[],[],1.48
06.01.2023,Aboian V.,1,5,7^7,4,,,2,1,55%,54% (31/57),32% (15/47),21% (3/14),43% (37/86),70% (26/37),60% (9/15),5,44% (46/104),51% (63/123),48% (109/227),2,35% (6/17),53% (9/17),44% (15/34),"['4', '2', '5', '5']","['2', '0', '3', '3', '5', '5', '6', '6']","['2', '1', '3', '2', '4', '5']",[],[],2.59
05.01.2023,Villanueva G.,2,6,6,,,,2,0,72%,77% (24/31),75% (9/12),0% (0/0),44% (14/32),52% (16/31),50% (4/8),6,77% (33/43),48% (30/63),59% (63/106),5,100% (8/8),44% (4/9),71% (12/17),"['3', '2', '5', '2']","['3', '2', '6', '3']",[],[],[],2.36
05.01.2023,Bertola R.,0,2,3,,,,2,4,51%,56% (18/32),48% (15/31),50% (4/8),23% (7/31),25% (3/12),0% (0/0),5,52% (33/63),23% (10/43),41% (43/106),1,56% (5/9),0% (0/8),29% (5/17),[],[],[],[],[],1.55
04.01.2023,Villanueva G.,2,6,2,6,,,2,3,55%,64% (34/53),49% (21/43),77% (10/13),29% (12/42),60% (26/43),63% (5/8),7,57% (55/96),45% (38/85),51% (93/181),5,75% (9/12),38% (5/13),56% (14/25),"['3', '2', '5', '2']","['2', '5']","['3', '2', '6', '3']",[],[],2.46
04.01.2023,Roca Batalla O.,1,2,6,3,,,3,6,49%,71% (30/42),40% (17/43),38% (3/8),36% (19/53),51% (22/43),23% (3/13),5,55% (47/85),43% (41/96),49% (88/181),5,62% (8/13),25% (3/12),44% (11/25),[],"['2', '0', '4', '0', '6', '2']",[],[],[],1.51
CHALLENGER MEN - SINGLES :  Temuco (Chile),hard,header
23.11.2022,Villanueva G.,0,3,4,,,,0,5,49%,55% (18/33),43% (15/35),64% (9/14),36% (16/45),52% (14/27),33% (3/9),10,49% (33/68),42% (30/72),45% (63/140),3,44% (4/9),30% (3/10),37% (7/19),"['1', '2', '3', '2']","['3', '5']",[],[],[],1.61
23.11.2022,Farjat T.,2,6,6,,,,8,7,63%,64% (29/45),48% (13/27),67% (6/9),45% (15/33),57% (20/35),36% (5/14),8,58% (42/72),51% (35/68),55% (77/140),6,70% (7/10),56% (5/9),63% (12/19),"['2', '0', '3', '3', '5', '3']","['1', '0', '4', '1']",[],[],[],2.23
CHALLENGER MEN - SINGLES :  Sao Leopoldo (Brazil),clay,header
15.11.2022,Villanueva G.,0,3,3,,,,1,4,43%,72% (18/25),39% (13/33),33% (2/6),28% (10/36),43% (12/28),13% (1/8),5,53% (31/58),34% (22/64),43% (53/122),2,56% (5/9),11% (1/9),33% (6/18),"['1', '0']",[],[],[],[],5.60
15.11.2022,Diaz Acosta F.,2,6,6,,,,4,0,56%,72% (26/36),57% (16/28),88% (7/8),28% (7/25),61% (20/33),67% (4/6),6,66% (42/64),47% (27/58),57% (69/122),5,89% (8/9),44% (4/9),67% (12/18),"['3', '3', '5', '3']","['4', '3', '6', '3']",[],[],[],1.12
CHALLENGER MEN - SINGLES :  Montevideo (Uruguay),clay,header
09.11.2022,Villanueva G.,0,4,6^9,,,,0,2,72%,68% (41/60),43% (10/23),67% (4/6),36% (21/58),40% (14/35),14% (1/7),5,61% (51/83),38% (35/93),49% (86/176),2,82% (9/11),9% (1/11),45% (10/22),"['4', '5']",[],[],[],[],2.52
09.11.2022,Paz J. P.,2,6,7^11,,,,6,1,62%,64% (37/58),60% (21/35),86% (6/7),32% (19/60),57% (13/23),33% (2/6),6,62% (58/93),39% (32/83),51% (90/176),3,91% (10/11),18% (2/11),55% (12/22),"['4', '2', '6', '4']",[],[],[],[],1.49
CHALLENGER MEN - SINGLES :  Montevideo (Uruguay) - Qualification,clay,header
08.11.2022,Villanueva G.,0,3,4,,,,1,7,57%,68% (23/34),42% (11/26),57% (4/7),22% (8/36),41% (9/22),50% (1/2),4,57% (34/60),29% (17/58),43% (51/118),2,67% (6/9),10% (1/10),37% (7/19),[],"['2', '0']",[],[],[],1.67
08.11.2022,Zeballos F.,2,6,6,,,,7,2,62%,78% (28/36),59% (13/22),50% (1/2),32% (11/34),58% (15/26),43% (3/7),6,71% (41/58),43% (26/60),57% (67/118),3,90% (9/10),33% (3/9),63% (12/19),"['4', '2']","['1', '2', '5', '4']",[],[],[],2.12
07.11.2022,Villanueva G.,2,7^7,6,,,,0,4,56%,58% (28/48),54% (20/37),73% (11/15),35% (11/31),70% (21/30),83% (5/6),13,56% (48/85),52% (32/61),55% (80/146),4,64% (7/11),50% (5/10),57% (12/21),"['1', '2', '3', '2']","['2', '0', '3', '1', '4', '2']",[],[],[],1.05
07.11.2022,Acosta D.,0,6^0,3,,,,2,2,51%,65% (20/31),30% (9/30),17% (1/6),42% (20/48),46% (17/37),27% (4/15),5,48% (29/61),44% (37/85),45% (66/146),3,50% (5/10),36% (4/11),43% (9/21),"['2', '0', '5', '5']","['1', '2', '2', '3']",[],[],[],8.70
CHALLENGER MEN - SINGLES :  Lima 2 (Peru) - Qualification,clay,header
CHALLENGER MEN - SINGLES :  Coquimbo 2 (Chile),clay,header
18.10.2022,Villanueva G.,0,4,3,,,,1,0,67%,41% (16/39),53% (10/19),40% (4/10),46% (21/46),40% (8/20),57% (4/7),4,45% (26/58),44% (29/66),44% (55/124),3,33% (3/9),40% (4/10),37% (7/19),"['2', '3', '4', '5']","['2', '3', '3', '4']",[],[],[],5.85
18.10.2022,Cerundolo J. M.,2,6,6,,,,1,3,70%,54% (25/46),60% (12/20),43% (3/7),59% (23/39),47% (9/19),60% (6/10),7,56% (37/66),55% (32/58),56% (69/124),4,60% (6/10),67% (6/9),63% (12/19),"['2', '0', '5', '3', '6', '4']","['2', '0', '4', '2', '5', '3']",[],[],[],1.11
CHALLENGER MEN - SINGLES :  Rio de Janeiro (Brazil),clay,header
11.10.2022,Villanueva G.,0,4,2,,,,0,3,60%,39% (13/33),55% (12/22),38% (3/8),26% (10/38),58% (11/19),40% (2/5),7,45% (25/55),37% (21/57),41% (46/112),2,44% (4/9),22% (2/9),33% (6/18),"['1', '0', '3', '4']",[],[],[],[],4.06
11.10.2022,Cecchinato M.,2,6,6,,,,4,1,67%,74% (28/38),42% (8/19),60% (3/5),61% (20/33),45% (10/22),63% (5/8),7,63% (36/57),55% (30/55),59% (66/112),4,78% (7/9),56% (5/9),67% (12/18),"['2', '2', '4', '2', '6', '4']","['3', '1', '6', '2']",[],[],[],1.22
CHALLENGER MEN - SINGLES :  Campinas (Brazil),clay,header
05.10.2022,Villanueva G.,1,4,7,2,,,0,5,54%,60% (27/45),47% (18/38),29% (2/7),17% (6/35),51% (26/51),60% (3/5),6,54% (45/83),37% (32/86),46% (77/169),3,67% (10/15),20% (3/15),43% (13/30),"['3', '5']","['2', '0', '7', '5']",[],[],[],2.74
05.10.2022,Mena F.,2,6,5,6,,,8,2,41%,83% (29/35),49% (25/51),40% (2/5),40% (18/45),53% (20/38),71% (5/7),10,63% (54/86),46% (38/83),54% (92/169),5,80% (12/15),33% (5/15),57% (17/30),"['2', '1', '4', '1']","['2', '3']","['1', '0', '3', '0']",[],[],1.44
04.10.2022,Villanueva G.,2,0,6,6,,,0,3,53%,68% (23/34),40% (12/30),38% (3/8),42% (32/76),56% (14/25),42% (5/12),5,55% (35/64),46% (46/101),49% (81/165),3,58% (7/12),38% (5/13),48% (12/25),[],"['1', '0', '3', '0']","['3', '2', '4', '3', '6', '3']",[],[],1.68
04.10.2022,Pereira J.,1,6,4,3,,,7,4,75%,58% (44/76),44% (11/25),58% (7/12),32% (11/34),60% (18/30),63% (5/8),6,54% (55/101),45% (29/64),51% (84/165),6,62% (8/13),42% (5/12),52% (13/25),"['2', '0', '4', '0', '6', '0']","['1', '3']","['3', '3']",[],[],2.09
CHALLENGER MEN - SINGLES :  Campinas (Brazil) - Qualification,clay,header
03.10.2022,Villanueva G.,2,6,6,,,,3,0,54%,67% (20/30),54% (14/26),50% (3/6),37% (11/30),72% (21/29),55% (6/11),9,61% (34/56),54% (32/59),57% (66/115),4,67% (6/9),60% (6/10),63% (12/19),"['1', '0', '2', '1', '6', '3']","['2', '2', '4', '4', '6', '4']",[],[],[],1.59
03.10.2022,Leite W.,0,3,4,,,,2,1,51%,63% (19/30),28% (8/29),45% (5/11),33% (10/30),46% (12/26),50% (3/6),4,46% (27/59),39% (22/56),43% (49/115),2,40% (4/10),33% (3/9),37% (7/19),"['1', '1']","['2', '1', '3', '2']",[],[],[],2.27
02.10.2022,Sakamoto P.,1,6,2,,,,4,1,47%,75% (15/20),48% (11/23),50% (1/2),32% (6/19),67% (10/15),60% (3/5),7,60% (26/43),47% (16/34),55% (42/77),7,83% (5/6),50% (3/6),67% (8/12),"['3', '1', '5', '1']","['1', '0']",[],[],[],2.30
02.10.2022,Villanueva G.,0,1,3,,,,2,2,56%,68% (13/19),33% (5/15),40% (2/5),25% (5/20),52% (12/23),50% (1/2),6,53% (18/34),40% (17/43),45% (35/77),3,50% (3/6),17% (1/6),33% (4/12),[],"['2', '2']",[],[],[],1.58
CHALLENGER MEN - SINGLES :  Buenos Aires 2 (Argentina),clay,header
27.09.2022,Villanueva G.,0,2,4,,,,2,0,62%,55% (21/38),52% (12/23),57% (4/7),26% (9/35),18% (3/17),0% (0/2),4,54% (33/61),23% (12/52),40% (45/113),1,67% (6/9),0% (0/9),33% (6/18),[],[],[],[],[],3.96
27.09.2022,Hanfmann Y.,2,6,6,,,,0,0,67%,74% (26/35),82% (14/17),100% (2/2),45% (17/38),48% (11/23),43% (3/7),12,77% (40/52),46% (28/61),60% (68/113),5,100% (9/9),33% (3/9),67% (12/18),"['2', '1', '4', '1']","['5', '4']",[],[],[],1.23
CHALLENGER MEN - SINGLES :  Villa Maria (Argentina),clay,header
20.09.2022,Villanueva G.,0,6^5,3,,,,2,2,64%,60% (29/48),52% (14/27),70% (7/10),27% (13/49),56% (15/27),29% (2/7),6,57% (43/75),37% (28/76),47% (71/151),3,70% (7/10),18% (2/11),43% (9/21),"['4', '4']","['2', '1']",[],[],[],2.27
20.09.2022,Navone M.,2,7^7,6,,,,1,3,64%,73% (36/49),44% (12/27),71% (5/7),40% (19/48),48% (13/27),30% (3/10),6,63% (48/76),43% (32/75),53% (80/151),5,82% (9/11),30% (3/10),57% (12/21),"['1', '0']","['3', '3', '5', '3']",[],[],[],1.59
CHALLENGER MEN - SINGLES :  Tulln (Austria) - Qualification,clay,header
04.09.2022,Villanueva G.,0,6^4,2,,,,0,1,57%,63% (31/49),35% (13/37),73% (11/15),42% (21/50),35% (9/26),29% (2/7),5,51% (44/86),39% (30/76),46% (74/162),2,60% (6/10),20% (2/10),40% (8/20),"['1', '0', '6', '5']",[],[],[],[],1.68
04.09.2022,Kopp S.,2,7^7,6,,,,0,1,66%,58% (29/50),65% (17/26),71% (5/7),37% (18/49),65% (24/37),27% (4/15),7,61% (46/76),49% (42/86),54% (88/162),4,80% (8/10),40% (4/10),60% (12/20),"['5', '5', '6', '6']","['1', '0', '4', '1']",[],[],[],2.10
CHALLENGER MEN - SINGLES :  Como (Italy),clay,header
30.08.2022,Villanueva G.,1,4,7^7,6^5,,,3,1,57%,61% (41/67),57% (29/51),64% (7/11),27% (18/67),54% (26/48),43% (3/7),9,59% (70/118),38% (44/115),49% (114/233),3,76% (13/17),18% (3/17),47% (16/34),[],"['1', '1', '5', '5']","['2', '1']",[],[],3.14
30.08.2022,Bonadio R.,2,6,6^4,7^7,,,6,6,58%,73% (49/67),46% (22/48),57% (4/7),39% (26/67),43% (22/51),36% (4/11),6,62% (71/115),41% (48/118),51% (119/233),3,82% (14/17),24% (4/17),53% (18/34),"['2', '1']","['1', '0', '2', '1']","['5', '5']",[],[],1.33
CHALLENGER MEN - SINGLES :  Banja Luka (Bosnia and Herzegovina),clay,header
25.08.2022,Villanueva G.,0,4,0,,,,2,2,65%,54% (19/35),37% (7/19),38% (3/8),17% (5/29),56% (9/16),100% (1/1),4,48% (26/54),31% (14/45),40% (40/99),2,38% (3/8),13% (1/8),25% (4/16),"['1', '1']",[],[],[],[],2.24
25.08.2022,Vatutin A.,2,6,6,,,,3,2,64%,83% (24/29),44% (7/16),0% (0/1),46% (16/35),63% (12/19),63% (5/8),7,69% (31/45),52% (28/54),60% (59/99),7,88% (7/8),63% (5/8),75% (12/16),"['1', '0', '3', '2']","['1', '0', '3', '0', '5', '0']",[],[],[],1.65
23.08.2022,Villanueva G.,2,7^9,6,,,,1,2,69%,71% (35/49),68% (15/22),83% (5/6),35% (19/54),47% (7/15),43% (3/7),7,70% (50/71),38% (26/69),54% (76/140),5,90% (9/10),30% (3/10),60% (12/20),"['3', '1']","['3', '2', '5', '2']",[],[],[],2.02
23.08.2022,Basic M.,0,6^7,2,,,,2,1,78%,65% (35/54),53% (8/15),57% (4/7),29% (14/49),32% (7/22),17% (1/6),7,62% (43/69),30% (21/71),46% (64/140),3,70% (7/10),10% (1/10),40% (8/20),"['3', '4']",[],[],[],[],1.73
CHALLENGER MEN - SINGLES :  Santo Domingo (Dominican Republic),clay,header
16.08.2022,Villanueva G.,0,0,5,,,,1,5,75%,55% (24/44),27% (4/15),38% (3/8),25% (8/32),29% (5/17),100% (1/1),6,47% (28/59),27% (13/49),38% (41/108),2,44% (4/9),11% (1/9),28% (5/18),[],"['4', '4']",[],[],[],6.02
16.08.2022,Carballes Baena R.,2,6,7,,,,0,0,65%,75% (24/32),71% (12/17),0% (0/1),45% (20/44),73% (11/15),63% (5/8),11,73% (36/49),53% (31/59),62% (67/108),6,89% (8/9),56% (5/9),72% (13/18),"['1', '0', '3', '0', '5', '0']","['4', '3', '6', '5']",[],[],[],1.13
CHALLENGER MEN - SINGLES :  Lima (Peru),clay,header
09.08.2022,Villanueva G.,0,2,3,,,,1,1,70%,53% (17/32),36% (5/14),0% (0/5),31% (9/29),46% (12/26),50% (1/2),6,48% (22/46),38% (21/55),43% (43/101),2,44% (4/9),13% (1/8),29% (5/17),"['1', '1']",[],[],[],[],1.89
09.08.2022,Burruchaga R. A.,2,6,6,,,,1,3,53%,69% (20/29),54% (14/26),50% (1/2),47% (15/32),64% (9/14),100% (5/5),7,62% (34/55),52% (24/46),57% (58/101),5,88% (7/8),56% (5/9),71% (12/17),"['1', '0', '3', '2', '5', '2']","['4', '3', '6', '3']",[],[],[],1.83
ATP - SINGLES :  Los Cabos (Mexico),hard,header
03.08.2022,Villanueva G.,0,6^1,4,,,,3,3,63%,64% (28/44),54% (14/26),33% (1/3),13% (5/39),49% (18/37),13% (1/8),5,60% (42/70),30% (23/76),45% (65/146),2,82% (9/11),9% (1/11),45% (10/22),"['1', '0']",[],[],[],[],7.10
03.08.2022,Johnson S.,2,7^7,6,,,,8,3,51%,87% (34/39),51% (19/37),88% (7/8),36% (16/44),46% (12/26),67% (2/3),12,70% (53/76),40% (28/70),55% (81/146),3,91% (10/11),18% (2/11),55% (12/22),"['2', '2']","['3', '2']",[],[],[],1.09
ATP - SINGLES :  Los Cabos (Mexico) - Qualification,hard,header
01.08.2022,Villanueva G.,0,4,3,,,,0,3,59%,66% (23/35),42% (10/24),57% (4/7),27% (10/37),46% (13/28),33% (1/3),6,56% (33/59),35% (23/65),45% (56/124),2,67% (6/9),10% (1/10),37% (7/19),"['1', '0']",[],[],[],[],4.66
01.08.2022,Hijikata R.,2,6,6,,,,6,3,57%,73% (27/37),54% (15/28),67% (2/3),34% (12/35),58% (14/24),43% (3/7),8,65% (42/65),44% (26/59),55% (68/124),5,90% (9/10),33% (3/9),63% (12/19),"['3', '3', '6', '4']","['2', '0']",[],[],[],1.20
31.07.2022,Villanueva G.,2,6,6,,,,0,2,60%,60% (18/30),50% (10/20),67% (4/6),65% (22/34),75% (12/16),70% (7/10),6,56% (28/50),68% (34/50),62% (62/100),6,71% (5/7),88% (7/8),80% (12/15),"['1', '0', '3', '0', '4', '1', '6', '1']","['2', '0', '4', '2', '6', '2']",[],[],[],1.24
31.07.2022,Alvarez Valdes L. C.,0,1,2,,,,0,1,68%,35% (12/34),25% (4/16),30% (3/10),40% (12/30),50% (10/20),33% (2/6),3,32% (16/50),44% (22/50),38% (38/100),2,13% (1/8),29% (2/7),20% (3/15),"['1', '3']","['2', '3']",[],[],[],4.20
